9ff,A,Abarth,AC,ACM,Acura,Aixman,Alfa Romeo,Alpina,Alpine,Amphicar,Ariel Motor,Artega,Aspid,Audi,Aston Martin,Austin,Auto Bianchi,B,Baic,Bedford,Bellier,Bentley,BMW,Bollorè,Borgward,Brilliance,Bugatti,Buick,BYD,C,Cadillac,Caravans-Wohnm,Casalini,Caterham,Changhe,Chatenet,Chery,Chevrolet,Chrysler,Citroen,CityEL,Corvette,Cupra,D,Dacia ,Daewoo,DAF,Daihatsu,Daimler,Dangel,De la Chapelle,De Tomaso,DFSK,Dodge,Donkervoort,DR Motor,DS Automobiles,Dutton,E,e.GO,Econelo,Estrima ,EVO,F,Ferrari,Fiat,FISKER,Ford,G,Gac Gonow,Galloper,GAZ,GEM,GEMBALLA,Giana,Gillet,Giotti Victoria,GMC,Goupil,Great Wall,Grecav,H,Haima,Hamann,Haval,Honda,HUMMER,Hurtan,Hyundai,I,Infiniti,Innocenti,Iso Rivolta,Isuzu,Iveco,IZH,J,JAC,Jaguar,Jeep,K,Kia ,Koenigsegg,KTM,L,Lada ,Lamborghini,Lancia ,Land Rover,LDV,Lexus,Lifan,Ligier,Lincoln,Lotus,M,Mahindra,MAN,,Martin Motors,Maserati ,Maxus,Maybach,Mazda,McLaren,Melex,Mercedes-Benz,Mercury,MG,Microcar,Minauto,MINI,Mitsubishi,Mitsuoka,Morgan,Moskivich,MP Lafer,MPM Motors,N,Nissan,O,Oldsmobile,Oldtimer,Opel,P,Pagani,Panther Westwinds,Peugeot,PGO,Piaggio,Plymouth,Polestar,Pontiac,Porsche,Proton,Puch,R,RAM,Regis,Reliant,Renault,Rolls-Royce,Rover,Ruf,S,SEAT,Saab,Santana,Selvo,Sevic,Shuanghuan,Skoda,Smart,SpeedArt,Spyker,SsangYong,StreetScooter,Subaru,Suzuki,T,TECHART,TVR,Talbot,Tasso,Tata,Tazzari EV,Tesla,Town Life,Toyota,Trabant,Trailer-Anhänger,Triumph,Trucks-Lkw,U,UAZ,V,VAZ,VEM,Vanden Plas,Vanderhall,Volkswagen,Volvo,W,Wartburg,Wenckstern,Westfield,Wiesmann,Z,ZAZ,Zastava,Zhidou
F70 Etronic,,124 GT,Ace,4 WD,ILX,400,4C,B3,A110 ,770,Atom,GT,GT-21,100,AR1 ,Estate,A 1000,,B40,Astramax,Asso,Arnage,114,Bluecar,Arabella,BC3,Centodieci,Cascada ,e6,,ATS  ,Adria,Kerry,21,A6,Barooder,À13,Monza,200,2CV1,CityEL,C1,Arona,,1310,Aranos,400,Applause,Double Six,504,Atlante 57S,Deauville,c31,Avenger,D8,City Cross,DS 3,B Plus,,Life 20,M1,Birò,EVO Electric,,195,124 Coupè,EMotion,Aerostar,,GA200,Exceed,22171,e2,Areo,Smart 3500,Donkervoort,Gladiator,Acadia,G1,C20,Amica,,2,,H2,Accord,H1,Albaycín,Accent,,EX25,Clip,300,Axiom,Campagnola,2106,,e-S2,420,CJ-5,,Besta,Agera,X-Bow GT,,110,Asterion,A 112,Defender,Convoy,CT 200h,1022,162,Aviator,2-Evelen,,Alturas G4,TGE,,Bubbòe,222,Deliver 9,57,121,12 C,148,170,Marquis,Metro,Cargo,Access,1000,3000 GT,Galue,100-Years-Special,21215,Lafer,Erelis,,100 NX,,Bravada,AC,Adam,,Huayra,De Ville,1007,Cobra,AL500,Acclaim,1,6000,356,313,G,,1500,Epic0,Ant,Alaskan,Arnage Green,100,3400S,,Alhambra,9-2X,2500,2P45,500,Ceo,105,Brabus,,C12,Actyon,Work,1200,Across,,,Cerbera,Alpine,Bingo,Aria,EM1 Anniversary,Cybertruck,Ginevra,4-Runner,1.1,,Dolomite,Atlas,,2206,,1111,Cargo,Armstrong,Carmel,181,240,,1.3,Full Custom,7SE,Gecko,,1102,10,D2
F97 A-Max,,124 Rally Tribute,Cobra,Biagini Passo,MDX,500,Giulia ,B4,,,Nomad,Karo,SS,200,Cygnet,Healey,A 112,,BJ20,Astravan,B8,Azure,116,Bluesummer,BX5,BS2,Chiron,Century,F1,,Allante,Ahorn,M10,Aeroseven,CoolCar,CH 26,A18,Monza Sport,300 M,AX,CityEL Fact Four,C2,Ateca,,Berlina,Damas,428,Charade,Six,505,Grand-Prix,Guarà,C32,Caliber,S8,DR EVO5,DS 3 Crossback,B Plus Series 2,,Life 40,S1,,EVO4,,206,124 Spider,Karma,B-Max,,GA500,GALLOPER,22177,e4,Avalanche,,Vertigo,Gyppo,Canyon,G4,C30,EKE,,3,,H6,Ascot,H2,Author,Atos,,EX30,Elba,Fidia,Bighorn,Daily,2125,,e-S4,D-Type,CJ-7,,Carens,CC,X-Bow GT4,,111,Aventador,Appia,Discovery,Maxus,ES 300,1025,Ambra,Continental,3-Eleven,,Bolero,,,CEO,224,eDeliver 3,62,2,540C,329,180,,MGA,Due,Cross,1300,400,Himiko,3-Wheeler,2137,,PS160,,200 SX,,Custom Cruiser,AMC,Agila,,Zonda,Kallista,104,Cévennes,Ape,Arrow,2,Aztek,550,315,Haflinger,,2500,,Fox,Alpine A110,Arnage Red Label,111,3600S,,Altea,9-Mar,300,LT Cargo,,,120,City-coupé,,C8,Family,Work L,1800,Baleno,,,Chimaera,Horizon,C1DB,Bolt,EM1 Citysport,Model 3,Helektra,Allion,P50,,GT6,Cat,,2315,,11113,Cover,Princess,Edison 2,Amarok,244,,1.6,Standard,FW400,MF 28,,1103,101,D25
GT9,,124 Spider ,,,NSX,A.,Giulietta,B5,,,,Scalo,,50,DB,MK,Y10,,BJ40,Beagle,Divane,Bacalar,118,Blueutility,BX7,BS4,Divo,Electra,F3,,BLS,Airstream,M110,CSR 175,Freedom,CH 28,A21,2500,300 SRT,Acadiane,MiniEL,C3,Formentor,,Break,Espero,435,Charmant,Sovereign,Berlingo,Roadster,Longchamp,C35,Caravan,,DR F35,DS 4,B Type,,Life 60,,,EVO5,,208,126,Latigo CS,Bronco,,GX6,Santamo,2310,e6,GT,,,,Envoy,G5,C50,Sonique,,3 HB,,H9,Avancier,H3,Grand Albaycín,Avante,,EX35,Mille,Grifo,Campo,Massif,21251,,J7,Daimler,CJ-8,,Carnival,Jesko,X-Bow R,,112,Centenario,Beta,Discovery Sport,,ES 330,330EV,Be-Sun,Corsair,340 R,,CJ,,,CoolCar,228,EG10,Pullman,3,570GT,341,190,,MGB,Ecology/Lyra,GT,Clubvan,ASX,Like-T3,4-Sitzer,2138,,,,280 ZX,,Cutlass,ASA,Ampera,,,Lazer,106,Hemera,M500,Barracuda,,Bonneville,718 Spider,316,Pinzgauer,,3500,,Kitten,Alpine A310,Azure,114,BTR,,Altea XL,9-4X,350,,,,130,crossblade,,D12,Kallista,,Ascent,Cappuccino,,,Grantura,Matra Murena,C1DM,Estate,Zero City,Model S,,Alphard,P60,,Herald,Citroen,,3151,,11118,Double,,Edison 4,Anfibio,245,,1000,Standard Custom,MegaS2000,MF 3,,1105,100 TF,D3
Gtronic,,500,,,RDX,City,MiTo ,B6,,,,,,80,DB11,Maestro,,,BJ80,Blitz,Docker,Bentayga,120,,Hansa 1100,BS6,EB 110,Enclave,F3R,,CT4,Alpha,M12,CSR 260,Ideal,CH 30,A3 ,Alero,300 C,Ami,,C4,Ibiza,,Dokker,Evada,,Copen,Super Eight,Boxer,Type 55 Roadster,Mangusta,C37,Challenger,,DR Zero,DS 4 Crossback,Beneto,,Mover,,,EVO6,,246,127,Orbit,C-Max,,Troy,Super Exceed,24,eL,GTé,,,,Safari,GEM,Coolbear,,,6,,,Beat,HX,Route 44,Azera,,EX37,Mini,Lele,D-Max,,2126,,JS3,E-Pace,Cherokee,,Ceed/cee'd,One:1,X-Bow RR,,1200,Countach,Dedra,Freelander,,ES 35,650,Be-Two,Cosmopolitan,Cortina,,Genio,,,MM520,3200,EV80,,323,570S,343,200,,MGC,Flex,Minauto,Cooper D,Airtrek,Rock Star,4/4,2140,,,,300 ZX,,Delta 88,ASC,Antara,,,Lima,107,Speedster,PK500,Belvedere,,Catalina Safari,911,318,,,Chassis Cab,,Rebel,Alpine A610,Azure Mulliner,115,CTR,,Arona,9-May,410,,,,135,forFour,,,Korando,,BRZ,Carry,,,Graffith,Matra Rancho,Domino,Harrier,Zero Classic,Model X,,Altezza,P601,,Moss,DAF,,3153,,1113,Multi,,Venice,Arteon,262,,311,,Megablade,MF 30,,Chanche,125 PZ,
Gturbo,,500C,,,RL,Coupe,Stelvio,B7,,,,,,90,DB7,Metro,,,D20,Brava,Jade,Brooklands,123,,Hansa 1500,Granse,EB 112,Encore,F6,,CT5,Arca,M14,Classic 7,Mini Truck,CH 32,Amulet,Astro,Aspen,Axel,,C5,Leon,,Double Cab,Kalos,,Cuore,Super V8,C15,Type 55 Tourer,Pantera,City Pickup,Charger,,DR1,DS 5,Cantera,,,,,,,250,128,,Capri,,Victor,,2401,eM,MIG,,,,Savana,,Cowry,,,Family,,,CR-V,,T2,Bayon,,FX,Minitre,Vision GT,DLX,,2715,,JS4,E-Type,Comanche,,Ceed SW/cee'd,Regera,X- Bow Street,,1300/1500/1600,Diablo,Delta,LRX,,GS 200t,650EV,Be-Up,LS,Elan,,Goa,,,MM620,418,G10,,5,600LT,345,208,,MGF,M.Cross,,Cooper D Cabrio,Attrage,Ryugi,Aero 8,21406,,,,350Z,,Dynamic 88,Abarth,Arena,,,Rio,108,Speedster II,Porter,Breeze,,Fiero,912,413,,,Promaster,,Regal,Alpine V6,Camargue,200,CTR2,,Arosa,9-7X,Anibal,,,,Citigo,forTwo,,,Kyron,,Baja,Celerio,,,"S 2,8",Samba,Hola,Hexa,Zero EM1,Model Y,,Aristo,Rallye,,Spitfire,Daewoo,,3159,,1117,Open,,Venice R,Atlas,264,,312,,Megabusa,MF 4,,Forza,128,
Speed9,,595,,,RLX,Crossline,,B8,,,,,,A1,DB9,Mini,,,Senova D50,CA,Opale,Continental,125,,Hansa 1700,Jinbei,Veyron,Envision,F8,,CT6,Autoroller,M20,Classic S7,Q25,CH 40,Arrizo,Avalanche,Crossfire,BX,,C6 Convertible,Tavascan,,Drop Side,Korando,,Dominio,,C25,,Vallelunga,Fengon,Coronet,,DR2,DS 7 Crossback,Legerra,,,,,,,275,130,,Connect Elekto,,Victory,,2402,eS,Mirage,,,,Sierra,,Deer,,,Freema,,,CR-Z,,Vintage,Coupe,,G25,Small,,Gemini,,27156,,JS7,F-Pace,Commander,,Cerato,,,,2106,Espada,Flaminia,Range Rover,,GS 250,820,Due,MKC,Elise,,Jeep,,,,420,RV80,,6,620R,363,210/310,,Midget,M.Go,,Cooper D Clubman,Canter,Viewt,Aero Coupe,2141,,,,370Z,,Silhouette,Adler,Ascona,,,Solo,2008,,Quargo,Caravelle,,Firebird,914,415,,,,,Regent,Arkana,Cloud,213,CTR3,,Ateca,90,PS-10,,,,Enyaq,roadster,,,MUSSO,,Crosstrek,Escudo,,,S2,Simca 1100,King,Indica,Zero EM2,Roadster,,Auris,Trabant,,Stag,Deutz-Fahr,,3160,,1118,People,,Venice Speedster,Beetle,265,,313,,SDV,MF 5,,Lanos,1300,
,,595 Competizione ,,,RSX,Crossover,,B9,,,,,,A2,DBS,Mini Moke,,,Senova X25,CF2,Sturdy,Eight,128,,Hansa 1800,Zhonghua,,Lacrosse,,,CTS,Autostar,Pick Up12,Cosworth CSR 200,Q35,CH 46,B13,Aveo,Daytona,Berlingo,,C6 Coupe,,,Duster,Lacetti,,Extol,,Ducato,,,Glory 580,Dakota,,DR3,DS 9,Malaga,,,,,,,288,131,,Consul,,WAY,,2404,Four,Mistrale,,,,Sonoma,,Florid,,,Fstar,,,CRX,,,Creta,,G35,,,Midi,,2717,,,F-Type,Compass,,Claurus,,,,4x4,Estoque,Flavia,Range Rover Velair,,GS 300,Breez,IXO,MKT,Elite,,KUV100,,,,4200,T60,,626,650S Coupe,364,220,,RV8,M8,,Cooper D Countryman,Carisma,,Aero Max,21412,,,,AD,,Supreme,Alfa Romeo,Astra,,,,204,,,Colt,,G6,918,416,,,,,Rialto,Avantime,Continental R,214,Dakara,,Cordoba,900,S300,,,,Fabia,,,,REXTON,,E10,Grand Vitara,,,S3,Simca 1510,T2,Indigo,Zero Evo,,,Avalon,,,TR1,Fiat,,3162,,1119,Ribaltabile,,,Bora,340,,353,,SE,,,Sens,600,
,,595 Turismo ,,,TL,D-Truck,,B10,,,,,,A3   ,DBX,Montego,,,Senova X35,Chevanne,VX,Flying Spur,135,,Hansa 2000,Zunchi,,Le Sabre,,,DTS,Bavaria,Sulky,R 400,Q7,Media,B14,Bel Air,ES,C-Crosser,,C7,,,Lodgy,Lanos,,F Modele,,Expert,,,K01,Dart,,DR4,,Malaga B+,,,,,,,308,132,,Cougar,,,,2410,Two,Tornado,,,,Syclone,,Gwperi,,,M3,,,Capa,,,Elantra,,G37,,,NKR,,27171,,,I-Pace,Gladiator,,Elan,,,,Aleko,Gallardo,Fulvia,Series,,GS 350,C30E,JS 50,MKX,Esprit,,Marazzo,,,,422,V80,,929,650S Spider,366,230,,TD,MC1,,Cooper D Coupe,Chariot,,Aero Supersports,214145,,,,Almera,,Toronado,Allard,Calibra,,,,205,,,Conquest,,GTO,924,418,,,,,Robin,Captur,Continental SC,216,GT,,Exeo,9000,S350,,,,Favorit,,,,Rodius,,E12,Ignis,,,S4,Solar GL,T3,Nano,Zero Junior,,,Avensis,,,TR2,Ford,,3303,,1706,,,,Buggy,360,,Barkas,,Sei,,,Vida,750,
,,595C ,,,TLX,GTI,,B11,,,,,,A4 ,Lagonda,,,,Senova X55,Dormobile,,Mulsanne,140,,Hansa 2300,,,Park Avenue,,,Deville,Bawemo,Sulkycar,R300 Superlight,X5,Pick-Up,CrossEastar,Beretta,GS,C-Elysée,,C8,,,Logan,Leganza,,Feroza,,J5,,,K02,Demon,,DR5,,Melos,,,,,,,328,133,,Courier,,,,2411,,,,,,Terrain,,H5E,,,M5,,,City,,,Equus,,I35,,,NNR,,412,,,MK II,Grand Cherokee,,Joice,,,,C-Cross,Huracan,Gamma,,,GS 430,C32E,Nova,MKZ,Europa,,NuvoSport,,,,424,,,Atenza,675LT,374,240,,TF,MC2,,Cooper D Paceman,Colt,,EV3,2142,,,,Almera Tino,,,Alvis,Campo,,,,206,,,Cricket,,Grand-Am,928,420,,,,,Sabre Four,Clio,Corniche,218,R Kompressor,,Fura,92,Samurai,,,,Felicia,,,,Tivoli,,Forester,Ik-2,,,Sagaris,Solar LS,TD,Nexon,Zero SE,,,Avensis Verso,,,TR3,Fuchs,,3692,,1922,,,,Bus,440,,Framo,,Seight,,,,850,
,,695,,,TSX,GTO,,B12,,,,,,A4 allroad ,Rapide,,,,Senova X65,HA,,S1,1er M Coupè,,Hansa 2400,,,Regal,,,Eldorado,Beisl,Sulkydea/Ydea,Roadsport Seven,,Speedino,Crossover,Blazer,GTS,C-Zero,,CZ6,,,Nova,Lublin,,Freeclimber,,Jumper,,,K05,Durango,,DR5.0,,P1,,,,,,,330,242,,Crown,,,,2412,,,,,,Typhoon,,H6,,,S5,,,Civic,,,Excel,,JX35,,,NPR,,Nika,,,S-Type,Liberty,,K2500,,,,Carlota,Jalpa,HPE,,,GS 450h,Foison,Optima,Mark,Evija,,Quanto,,,,430,,,Axela B Series,720S,378,250,,ZR,Sherpa,,Cooper Roadster,Cordia,,EVA GT,2335,,,,Altima,,,American,Cascada,,,,207,,,Duster,,Grand-Prix,930,Jan-02,,,,,Scimitar,Coupe,Cullinan,220,R Turbo,,Ibiza,93,Vitara,,,,Forman,,,,XLV,,Impreza,Jimny,,,T350,Solar Ralley,,Pick-Up,Zero Special,,,Aygo,,,TR4,Hanomag,,3909,,2016,,,,CC,460,,IFA F9,,Sport,,,,850 AK,
,,695C,,,ZDX,Mac,,C1,,,,,,A5 ,V8,,,,Senova Zhixing,KB,,S2,2002,,Hansa 3500,,,Riviera,,,Escalade,Benimar,,SP/300.R,,Sporteevo,Eastar,Bolt,Grand Voyager,C1  ,,Grand Sport,,,Pick Up,Matiz,,Gran Move,,Jumpy,,,K07,Gran Caravan,,DR6,,Phaeton Series 1,,,,,,,348,500,,Customline,,,,2434,,,,,,Vandura,,Hover,,,S7,,,Clarity,,,Galloper,,M30,,,PICK UP,,,,,Sovereign,Patriot,,K2700,,,,Forma,LM,K,,,GS 460,M7,Optimax,Nautilus,Evora,,Reva,,,,Alfieri,,,BT-50,Elva,379,260,,ZS,Virgo,,Cooper S ,Cosmos,,Lifecar,2901,,,,Armada,,,Amphicar,Combo,,,,208,,,Fury,,Montana,944,Persona ,,,,,,Duster,Dawn,25,RGT,,Inca,96,,,,,Kamiq,,,,,,Justy,Kizashi,,,Tamora,Solara,,Safari,Zero Speedster,,,BB,,,TR5,Hitachi,,3962,,2101,,,,Caddy,480,,WARTBURG,,Sport Turbo,,,,900 AK,
,,Grande Punto,,,,Mega,,C2,,,,,,A6 ,Valkyrie,,,,,MW,,S3,214,,Hansa 400/500,,,Roadmaster,,,Fleetwood,Bimobil,,Seven 270,,Stella,eQ,C1500,Imperial,C15,,Stingray,,,Sandero,Mussp,,Hijet,,Partner,,,Seres 3,Intrepid,,KATAY,,Phaeton Series 2,,,,,,,360,500 Abarth,,EcoSport,,,,2705,,,,,,Yukon,,M4,,,V70,,,Concerto,,,Genesis,,M35,,,Rodeo,,,,,X-Type,Renegade,,K2900,,,,Granta,Miura,Kappa,,,GS F,Seasion,Prima,Navigator,Excel,,Scorpio,,,,Biturbo,,,Bongo,F1,381,270,,ZT,,,Cooper S Cabrio,DINGO,,Plus 4,408,,,,Avenir,,,Ariel,Commodore,,,,3008,,,GTX,,Solstice,959,Satria,,,,,,Espace,Flying Spur,400,RGT-8,,Leon,96/95,,,,,Karoq,,,,,,Legacy,LJ 80,,,Tuscan,Sunbeam,,Sport,,,,Belta,,,TR6,Iveco,,469,,21011,,,,Coccinelle,740,,,,XI,,,,Koral,
,,Punto EVO,,,,Roadline,,D3,,,,,,A6 allroad ,Vanquish,,,,,Midi,,Turbo R,216,,Isabella,,,Skylark,,,LaSalle,Biod,,Seven 310,,,FengYun,Camaro,Le Baron,C2,,Z06,,,Solenza,Nexia,,Materia,,Scudo,,,Seres 5,Journey,,,,Phaeton Series 3,,,,,,,365,500L,,Econoline,,,,2752,,,,,,,,Pegasus,,,,,,Crosstour,,,Genesis Coupe,,M37,,,Trooper,,,,,X300,Wagoneer,,Leo,,,,Kalina,Murciélago,Lybra,,,GX 460,Smily,X-Pro,Town Car,Exige,,TUV300,,,,Coupe,,,CX-3,GT,385,280,,,,,Cooper S Clubman,Delica,,Plus 8,412,,,,Bassara,,,Aries,Corsa,,,,301,,,Gran Fury,,Sunbird,962,,,,,,,Express,Ghost,414,RG Coupe/Spider,,Leon e-Hybrid,99,,,,,Kodiaq,,,,,,Leone,Liana,,,V8S,Tagora,,Sumo,,,,C-HR,,,TR7,Iveco Magirus,,Buchanka,,21013,,,,Corrado,744,,,,XTR2,,,,Skala,
,,Punto Supersport,,,,Scouty R,,D4,,,,,,A7,Vantage,,,,,Rascal,,Turbo RT,218,,P100,,,Special,,,SRX,Burow,,Seven 360,,,Fora,Caprice,Neon,C25,,ZR1,,,,Nubira,,Move,,,,,V21,Magnum,,,,Phaeton Series 4,,,,,,,400,500X,,Econovan,,,,31,,,,,,,,Safe,,,,,,e ,,,Getz,,M45,,,WFR,,,,,XE,Willys,,Magentis,,,,Largus,Reventon,MUSA,,,GX 470,Solano (620),X-Too,Zephyr,Omega,,Thar,,,,Ghibli,,,CX-30,MP4-12C,391,300,,,,,Cooper S Countryman,Diamante,,Plus E,426,,,,Bluebird,,,Armstrong,Crossland,,,,304,,,Horizon,,Sunfire,964,,,,,,,Fluence,Le Mains Series,416,RT 12,,Malaga,GT 750,,,,,Octavia,,,,,,Levorg,Maruti,,,,,,Telcoline,,,,Caldina,,,TR8,Iveco-Fiat,,Classic,,2102,,,,Crafter,745,,,,XTR4,,,,Yugo,
,,,,,,,,D5,,,,,,A8 ,Virage,,,,,TJ,,Turbo S,220,,,,,Verano,,,STS,Burow-Mobil,,Seven 420,,,Fulwin,Captiva,New Yorker,C3 Aircross,,,,,,Rexton,,Pionier,,,,,V22,Neon,,,,Rico,,,,,,,412,500e,,Edge,,,,3102,,,,,,,,Sailor,,,,,,Element,,,Grace,,Q30,,,,,,,,XF,Wrangler,,Mentor,,,,Natacha,Sian FKP 37,Phedra,,,IS 200,X50,,,Super Seven,,Verito,,,,GranCabrio,,,CX-5,P1,392,308,,,,,Cooper S Coupe,Dion,,Plus Six,427,,,,Cabstar,,,Arnolt,Crossland X,,,,305,,,Laser,,Targa,968,,,,,,,Fluence Z.E.,Park Ward,418,RT 12R,,Marbella,Sonett,,,,,Pick-up,,,,,,Libero,SA 310,,,,,,Telcosport,,,,Cami ,,,,Jungheinrich,,Dakar,,2103,,,,Cross Golf,760,,,,,,,,,
,,,,,,,,D10,,,,,,e-tron,Volante,,,,,,,,225,,,,,,,,Series 62,Bürstner,,Seven 458,,,Karry,Cavalier,PT Cruiser,C3  ,,,,,,Rezzo,,Rocky,,,,,V25,Nitro,,,,Rico Shuttle,,,,,,,430 Scuderia,595 Abarth,,Escape,,,,31022,,,,,,,,Sing,,,,,,FR-V,,,Grand Santa Fe,,Q45,,,,,,,,XJ,,,Mohave/Borrego,,,,Niva,Terzo Millennio,Prisma,,,IS 220d,X7,,,Type 130,,XUV300,,,,GranSport,,,CX-7,Senna,395,320,,,,,Cooper S Paceman,Eclipse,,Roadster,434,,,,Cargo,,,Aston Martin,Diplomat,,,,306,,,Neon,,Trans Am,991,,,,,,,Fuego,Phantom,420,RT 12S,,Mii,Sport / GT,,,,,Praktik,,,,,,M60,SJ 410,,,,,,Tiago,,,,Camry,,,,Koegel,,Farmer,,21033,,,,Cross Turan,764,,,,,,,,,
,,,,,,,,Roadster Limited Edition,,,,,,Q1,,,,,,,,,228,,,,,,,,Series 6200,Ca-Mo-Car,,Seven 620,,,Kimo,Celebrity,Pacifica,C3 Picasso,,,,,,Tacuma,,Sirion,,,,,,RAM,,,,Sierra Drop Head,,,,,,,456,600,,Escort,,,,310221,,,,,,,,Socool,,,,,,Fit,,,Gradeur,,Q50,,,,,,,,XJ12,,,Niro,,,,Nova,Urraco P250,Stratos,,,IS 250,X70,,,V8,,XUV500,,,,GranTurismo,,,CX-9,Speedtail,423,350,,,,,Cooper S Roadster,Eclipse Cross,,Supersport Pedal,Duet,,,,Cedric,,,Auburn,Frontera,,,,307,,,Prowler,,Trans Sport,992,,,,,,,Grand Espace,Silver Dawn,45,SCR,,Panda,,,,,,Rapid/Spaceback,,,,,,M70,SJ 413,,,,,,Tigor,,,,Carina,,,,Komatsu,,Hunter,,2104,,,,Derby,780,,,,,,,,,
,,,,,,,,Roadster S,,,,,,Q2,,,,,,,,,230,,,,,,,,Seville,Carado,,Super 7,,,M11,Chevelle,Prowler,C35,,,,,,Tico,,Taft,,,,,,Stealth,,,,Sierra Series 1,,,,,,,458,850,,Excursion,,,,31026,,,,,,,,Steed,,,,,,HR-V,,,H 100,,Q60,,,,,,,,XJ40,,,Opirus,,,,Priora,Urus,Thema,,,IS 300,X80,,,Venturi,,Xylo,,,,Indy,,,Capella,,427,380,,,,,Cooper SD,FTO,,,Ivan Kalita,,,,Cefiro,,,Audi,GT,,,,308,,,Reliant,,Vibe,993,,,,,,,Grand Modus,Silver Seraph,600,Turbo Florio,,Ronda,,,,,,Roomster,,,,,,M80,SJ Samurai,,,,,,Xenon,,,,Celica,,,,LDV,,Patriot,,21043,,,,Eos,850,,,,,,,,,
,,,,,,,,Roadster V8,,,,,,Q3,,,,,,,,,235,,,,,,,,XLR,Caravelair,,Superlight,,,M14,Chevy Van,Ram Van,C4,,,,,,Truck Plus,,Terios,,,,,,Stratus,,,,Sierra Series 2,,,,,,,512,900,,Expedition,,,,31029,,,,,,,,Voleex,,,,,,Insight,,,H 200,,Q70,,,,,,,,XJ6,,,Optima,,,,Sagona,Veneno,Thesis,,,IS 350,,,,,,,,,,Karif,,,Demio,,433,400,,,,,Cooepr SD Cabrio,Galant,,,Jurij Dolgorukij,,,,Cherry,,,Aurora,Grandland X,,,,309,,,Road Runner,,,996,,,,,,,Grand Scenic,Silver Shadow,618,Turbo R,,Tarraco,,,,,,Scala,,,,,,Mini,SX4,,,,,,Zest,,,,Chaser,,,,Liebherr,,Pickup,,2104,,,,Escarabajo,855,,,,,,,,,
,,,,,,,,XB7,,,,,,Q5,,,,,,,,,240,,,,,,,,XT4,Caro,,,,,MPV,Citation,Saratoga,C4  Aircross,,,,,,,,Trevis,,,,,,Van,,,,Sierra Series 3,,,,,,,550,Albea,,Explorer,,,,3105,,,,,,,,Wingle,,,,,,Inspire,,,H 300,,Q80,,,,,,,,XJ8,,,Picanto,,,,Samara,,Trevi,,,IS F,,,,,,,,,,Levante,,,E Series,,435,416,,,,,Cooper SD Clubman,Galloper,,,Knjaz Vladimir,,,,Cube,,,Austin,Insigna,,,,4007,,,Sapporo,,,997,,,,,,,Kadjar,Silver Spirit,620,,,Terra,,,,,,Snowman,,,,,,OUTBACK,SX4 S-Cross,,,,,,,,,,Coaster,,,,Linde,,Profi,,21046,,,,Fox,940,,,,,,,,,
,,,,,,,,XD3,,,,,,Q7,,,,,,,,,315,,,,,,,,XT5,Carthago,,,,,Mikado,Colorado,Sebrin,C4 Cactus,,,,,,,,Valera,,,,,,Viper,,,,,,,,,,,575,Argenta,,Express,,,,3110,,,,,,,,,,,,,,Integra,,,H 350,,QX30,,,,,,,,XJR,,,Pregio,,,,Sprint,,Voyager,,,LC 500,,,,,,,,,,MC12,,,Familia,,443,420,,,,,Cooper SD Countryman,Grandis,,,Svjatogor,,,,Datsun,,,Austin-Healey,Kadett,,,,4008,,,Satellite,,,Boxster,,,,,,,Kangoo,Silver Spur,623,,,Toledo,,,,,,Superb,,,,,,SVX,Samurai,,,,,,,,,,Corolla,,,,MAN,,Tigr,,21047,,,,Golf,944,,,,,,,,,
,,,,,,,,XD4,,,,,,Q8,,,,,,,,,316,,,,,,,,XT6,Challenger,,,,,QQ,Corsica,Stratus,C4 Picasso,,,,,,,,YRV,,,,,,,,,,,,,,,,,599,Barchetta,,F 1,,,,31105,,,,,,,,,,,,,,Jazz,,,H-1,,QX50,,,,,,,,XJS,,,Pride,,,,Taiga,,Y,,,LC 500h,,,,,,,,,,Merak,,,MPV,,445,450,,,,,Cooper SD Coupe,I-MiEV,,,,,,,E-NV200,,,Auto Union,Karl,,,,404,,,Savoy,,,Carrera GT,,,,,,,Kangoo Z.E.,Silver Wraith,75,,,,,,,,,Yeti,,,,,,Trezia,Santana,,,,,,,,,,Corolla Verso,,,,Mercedes-Benz,,Trofi,,2105,,,,Golf Cabriolet,945,,,,,,,,,
,,,,,,,,,,,,,,R8 ,,,,,,,,,318,,,,,,,,XTS,Chausson,,,,,S18,Corvette,Town & Country,C4 SPaceTourner,,,,,,,,,,,,,,,,,,,,,,,,,612,Brava,,F 100,,,,3111,,,,,,,,,,,,,,Legend,,,Highway,,QX56,,,,,,,,XJSC,,,ProCeed /,,,,Universal,,Ypsilon,,,LC F,,,,,,,,,,Quattroporte,,,MX-3,,447,500,,,,,Cooper SD Paceman,L200,,,,,,,Elgrand,,,Autobianchi,Manta,,,,405,,,Scamp,,,Cayenne,,,,,,,Koleos,T,800,,,,,,,,,,,,,,,Tribeca,Splash,,,,,,,,,,Corona,,,,Mitsubishi,,,,21051,,,,Golf GTE,960,,,,,,,,,
,,,,,,,,,,,,,,RS,,,,,,,,,320,,,,,,,,,Chrysler,,,,,Sweet,Crew cab,Valiant,C5  ,,,,,,,,,,,,,,,,,,,,,,,,,750,Bravo,,F 150,,,,3221,,,,,,,,,,,,,,Life,,,i10,,QX60,,,,,,,,XK,,,Retona,,,,Urban,,Z,,,LFA,,,,,,,,,,Racing,,,MX-30,,463,560,,,,,Cooper SD Roadster,L300,,,,,,,Evalia,,,Avanti,Meriva,,,,406,,,Sundance,,,Cayman,,,,,,,Laguna,Touring,820,,,,,,,,,,,,,,,Vanille,Super-Carry,,,,,,,,,,Corso,,,,Multicar,,,,21053,,,,Golf GTI,965,,,,,,,,,
,,,,,,,,,,,,,,RS Q3,,,,,,,,,323,,,,,,,,,Ci Internatonal,,,,,Tiggo,Cruze,Viper,C5 Aircross,,,,,,,,,,,,,,,,,,,,,,,,,812,Campagnola,,F 250,,,,3302,,,,,,,,,,,,,,Logo,,,i20,,QX70,,,,,,,,XK8,,,Rio,,,,VAZ 215,,Zeta,,,LS 400,,,,,,,,,,Spyder,,,MX-5,,464,600,,,,,Cooper SE,L400,,,,,,,Expert,,,BMW,Mokka,,,,407,,,Trailduster,,,Macan,,,,,,,Latitude,Wraith,825,,,,,,,,,,,,,,,Vivio,Swace,,,,,,,,,,Cressida,,,,Neoplan,,,,2106,,,,Golf Plus,Amazon,,,,,,,,,
,,,,,,,,,,,,,,RS Q8,,,,,,,,,324,,,,,,,,,Coachmen,,,,,Very,Dixie van,Vision,C6  ,,,,,,,,,,,,,,,,,,,,,,,,,California,Cinquecento,,F 350,,,,33023,,,,,,,,,,,,,,Mobillo,,,i30,,QX80,,,,,,,,XKR,,,Roadster,,,,Vesta,,,,,LS 430,,,,,,,,,,TC,,,MX-6,,465,A 140,,,,,Cooper SE Countryman,Lancer,,,,,,,Figaro,,,Barkas,Mokka X,,,,5008,,,Turismo,,,Panamera,,,,,,,Logan,,827,,,,,,,,,,,,,,,WRX,Swift,,,,,,,,,,Cresta,,,,Nissan,,,,21060,,,,Golf Sportvan,C30,,,,,,,,,
,,,,,,,,,,,,,,RS2,,,,,,,,,325,,,,,,,,,Concorde,,,,,WOW,El Camino,Voyager,C8,,,,,,,,,,,,,,,,,,,,,,,,,Daytona,Coupe,,F 360,,,,38407,,,,,,,,,,,,,,NSX,,,i40,,,,,,,,,,,,,Rocsta,,,,X-Ray,,,,,LS 460,,,,,,,,,,,,,Millenia,,466,A 150,,,,,John Cooper,Legnum,,,,,,,Frontier,,,Beast,Mokka-E,,,,504,,,Valiant,,,Targa,,,,,,,Master,,City Rover,,,,,,,,,,,,,,,XT,Vitara,,,,,,,,,,Crown,,,,O & K,,,,21061,,,,Golf Variant,C70,,,,,,,,,
,,,,,,,,,,,,,,RS3 ,,,,,,,,,328,,,,,,,,,Cristall,,,,,,Epica,,DS,,,,,,,,,,,,,,,,,,,,,,,,,Dino GT4,Croma,,F 450,,,,38649,,,,,,,,,,,,,,Odyssey,,,i50,,,,,,,,,,,,,Sephia,,,,,,,,,LS 500,,,,,,,,,,,,,Pick Up,,469,A 160 ,,,,,John Cooper Cabrio,Libero,,,,,,,GT-R,,,Bedford,Monterey,,,,505,,,Volaré,,,Taycan,,,,,,,Megane,,Estate ,,,,,,,,,,,,,,,,Wagon R+,,,,,,,,,,Duet,,,,Peugeot,,,,21063,,,,Grand California,P1800,,,,,,,,,
,,,,,,,,,,,,,,RS4,,,,,,,,,330,,,,,,,,,Cs Reisemobile,,,,,,Equinox,,DS3,,,,,,,,,,,,,,,,,,,,,,,,,Enzo Ferrari,Dino,,F 550,,,,38710,,,,,,,,,,,,,,Orthia,,,i800,,,,,,,,,,,,,Shuma,,,,,,,,,LS 600,,,,,,,,,,,,,Premacy,,563,A 170,,,,,John Cooper Clubman,Mirage,,,,,,,Gloria,,,Belsize,Monza,,,,508,,,Voyager,,,,,,,,,,Messenger,,MINI,,,,,,,,,,,,,,,,X-90,,,,,,,,,,Dyna,,,,Renault,,,,21065,,,,ID.3,PV544,,,,,,,,,
,,,,,,,,,,,,,,RS5,,,,,,,,,335,,,,,,,,,Damon,,,,,,Evanda,,DS4,,,,,,,,,,,,,,,,,,,,,,,,,F12,Doblo,,F 650,,,,Gazelle,,,,,,,,,,,,,,Partner,,,iX20,,,,,,,,,,,,,Sorento,,,,,,,,,LX 450d,,,,,,,,,,,,,Protege,,565,A 180,,,,,John Cooper Countryman,Montero,,,,,,,Interstar,,,Benjamin,Movano,,,,604,,,,,,,,,,,,,Modus,,Metro,,,,,,,,,,,,,,,,XL-7,,,,,,,,,,Estima,,,,Scania,,,,2107,,,,ID.4,Polar,,,,,,,,,
,,,,,,,,,,,,,,RS6,,,,,,,,,340,,,,,,,,,Dehler,,,,,,Express,,DS5,,,,,,,,,,,,,,,,,,,,,,,,,F355,Ducato,,F Super Duty,,,,Siber,,,,,,,,,,,,,,Pilot,,,iX35,,,,,,,,,,,,,Soul,,,,,,,,,LX 470,,,,,,,,,,,,,RX-7,,627,A 190,,,,,John Cooper Coupe,Outlander,,,,,,,Juke,,,Bentley,Omega,,,,605,,,,,,,,,,,,,P 1400,,Montego,,,,,,,,,,,,,,,,,,,,,,,,,,FJ Cruiser,,,,Schaeff,,,,21073,,,,Iltis,S40,,,,,,,,,
,,,,,,,,,,,,,,RS7 ,,,,,,,,,418,,,,,,,,,Delta,,,,,,G,,Dyane,,,,,,,,,,,,,,,,,,,,,,,,,F40,Duna,,Fairlane,,,,Sobol,,,,,,,,,,,,,,Prelude,,,iX55,,,,,,,,,,,,,Spectra,,,,,,,,,LX 570,,,,,,,,,,,,,RX-8,,833,A 200,,,,,John Cooper Paceman,PICK UP,,,,,,,King Cab,,,Berkeley,Pick Up,,,,607,,,,,,,,,,,,,R 11,,Rover,,,,,,,,,,,,,,,,,,,,,,,,,,FJ40,,,,Setra,,,,21074,,,,Jetta,S60,,,,,,,,,
,,,,,,,,,,,,,,S1,,,,,,,,,420,,,,,,,,,Dethleffs,,,,,,HHR,,E-Méhari,,,,,,,,,,,,,,,,,,,,,,,,,F430,Fiorino,,Falcon,,,,,,,,,,,,,,,,,,Quintet,,,Ioniq,,,,,,,,,,,,,Sportage,,,,,,,,,NX 200t,,,,,,,,,,,,,RX-9,,835,A 210,,,,,John Cooper Roadster,Pajero,,,,,,,Kubistar,,,Bitter,Rekord,,,,806,,,,,,,,,,,,,R 14,,SD,,,,,,,,,,,,,,,,,,,,,,,,,,Fortuner,,,,VW,,,,2108,,,,Karmann Ghia,S60 Cross,,,,,,,,,
,,,,,,,,,,,,,,S2,,,,,,,,,425,,,,,,,,,Dream,,,,,,Impala,,Evasion,,,,,,,,,,,,,,,,,,,,,,,,,F50,Freemont,,Fiesta,,,,,,,,,,,,,,,,,,Ridgeline,,,Kona,,,,,,,,,,,,,Stinger,,,,,,,,,NX 300,,,,,,,,,,,,,Tribute,,843,A 220,,,,,One,Pajero Pinin,,,,,,,Laurel,,,Bizzarrini,Senator,,,,807,,,,,,,,,,,,,R 18,,Streetwise,,,,,,,,,,,,,,,,,,,,,,,,,,Fun Cruiser,,,,Volvo,,,,21081,,,,Kever,S70,,,,,,,,,
,,,,,,,,,,,,,,S3,,,,,,,,,428,,,,,,,,,Due Erre,,,,,,K1500,,Grand C4 ,,,,,,,,,,,,,,,,,,,,,,,,,F512,Fullback,,Flex,,,,,,,,,,,,,,,,,,S 2000,,,Lantra,,,,,,,,,,,,,Stonic,,,,,,,,,RC 200t,,,,,,,,,,,,,Xedos,,845,A 250,,,,,One Cabrio,Pajero Sport,,,,,,,Leaf,,,Borgward,Signum,,,,Bipper,,,,,,,,,,,,,R 19,,Tourer,,,,,,,,,,,,,,,,,,,,,,,,,,Funcargo,,,,Zeppelin,,,,21083,,,,Käfer,S80,,,,,,,,,
,,,,,,,,,,,,,,S4    ,,,,,,,,,430,,,,,,,,,EVM,,,,,,K30,,Grand C4 Picasso,,,,,,,,,,,,,,,,,,,,,,,,,F8 Spider,Grande Punto,,Focus,,,,,,,,,,,,,,,,,,Saber,,,Matrix,,,,,,,,,,,,,Venga,,,,,,,,,RC 300h,,,,,,,,,,,,,,,848,A 35 AMG,,,,,One Clubman,RVR,,,,,,,Liberty,,,Brennabor,Sintra,,,,Boxer,,,,,,,,,,,,,R 20,,,,,,,,,,,,,,,,,,,,,,,,,,,,GT86,,,,Zettelmeyer,,,,21086,,,,L80,S90,,,,,,,,,
,,,,,,,,,,,,,,S5  ,,,,,,,,,435,,,,,,,,,Eifelland,,,,,,Kalos,,GSA,,,,,,,,,,,,,,,,,,,,,,,,,F8 Tributo,Idea,,Focus C-Max,,,,,,,,,,,,,,,,,,Sabre,,,NF,,,,,,,,,,,,,Xceed,,,,,,,,,RC 350,,,,,,,,,,,,,,,860,A 45 AMG,,,,,One Countryman,Santamo,,,,,,,March,,,Bricklin,Speedster,,,,Camper,,,,,,,,,,,,,R 21,,,,,,,,,,,,,,,,,,,,,,,,,,,,Gaia,,,,,,,,2109,,,,LT,V40,,,,,,,,,
,,,,,,,,,,,,,,S6,,,,,,,,,440,,,,,,,,,Elnagh,,,,,,Lacetti,,Jumper,,,,,,,,,,,,,,,,,,,,,,,,,FF,Linea,,Focus CC,,,,,,,,,,,,,,,,,,Shuttle,,,Nexo,,,,,,,,,,,,,,,,,,,,,,RC F,,,,,,,,,,,,,,,861,Actros,,,,,One D,Sapporo,,,,,,,Maxima,,,Bugatti,Tigra,,,,iOn,,,,,,,,,,,,,R 25,,,,,,,,,,,,,,,,,,,,,,,,,,,,HDJ,,,,,,,,21091,,,,Lupo,V40 Cross,,,,,,,,,
,,,,,,,,,,,,,,S7,,,,,,,,,518,,,,,,,,,Eriba,,,,,,Lanos,,Jumpy,,,,,,,,,,,,,,,,,,,,,,,,,FXX,Marea,,Freestar,,,,,,,,,,,,,,,,,,Sm-x,,,Pony,,,,,,,,,,,,,,,,,,,,,,EX 200t,,,,,,,,,,,,,,,864,AMG GT,,,,,One D Clubman,Shogun,,,,,,,Micra,,,Buick,Vectra,,,,Expert,,,,,,,,,,,,,R 30,,,,,,,,,,,,,,,,,,,,,,,,,,,,Harrier,,,,,,,,21093,,,,Maggiolino,V50,,,,,,,,,
,,,,,,,,,,,,,,S8,,,,,,,,,520,,,,,,,,,Euramobil,,,,,,Lumina,,LNA,,,,,,,,,,,,,,,,,,,,,,,,,GTC4 Lusso,Marengo,,Freestyle,,,,,,,,,,,,,,,,,,Stepwgn,,,Porter,,,,,,,,,,,,,,,,,,,,,,RX 300,,,,,,,,,,,,,,,865,Atego,,,,,One D Countryman,Sigma,,,,,,,Murano,,,CJ Rayburn,Vivaro,,,,J5,,,,,,,,,,,,,R 4,,,,,,,,,,,,,,,,,,,,,,,,,,,,Hiace,,,,,,,,21096,,,,New Beetle,V60,,,,,,,,,
,,,,,,,,,,,,,,SQ2,,,,,,,,,523,,,,,,,,,Euro Liner,,,,,,Malibu,,Méhari,,,,,,,,,,,,,,,,,,,,,,,,,LaFerrari,Maxi,,Fusion,,,,,,,,,,,,,,,,,,Stream,,,S-Coupe,,,,,,,,,,,,,,,,,,,,,,RX 330,,,,,,,,,,,,,,,943,B 150,,,,,,Space Gear,,,,,,,NP300,,,Cadillac,Zafira,,,,J9,,,,,,,,,,,,,R 5,,,,,,,,,,,,,,,,,,,,,,,,,,,,Highlander,,,,,,,,21099,,,,Passat,V60 Cross,,,,,,,,,
,,,,,,,,,,,,,,SQ3,,,,,,,,,524,,,,,,,,,Fendt,,,,,,Matiz,,Nema,,,,,,,,,,,,,,,,,,,,,,,,,Mondial,Multipla,,FT,,,,,,,,,,,,,,,,,,Torneo,,,Santa Fe,,,,,,,,,,,,,,,,,,,,,,RX 350,,,,,,,,,,,,,,,945,B 160,,,,,,Space Runner,,,,,,,NV200,,,Chaika,Zafira Life,,,,Partner,,,,,,,,,,,,,R 6,,,,,,,,,,,,,,,,,,,,,,,,,,,,Hilux,,,,,,,,2110,,,,Passat Alltrack,V70,,,,,,,,,
,,,,,,,,,,,,,,SQ5,,,,,,,,,525,,,,,,,,,Ffb / Tabbert,,,,,,Monte Carlo,,SAXO,,,,,,,,,,,,,,,,,,,,,,,,,Monza,New Panda,,Galaxy,,,,,,,,,,,,,,,,,,,,,Santamo,,,,,,,,,,,,,,,,,,,,,,RX 400,,,,,,,,,,,,,,,947,B 170,,,,,,Space Star,,,,,,,NV250,,,Champion,Zafira Tourer,,,,RCZ,,,,,,,,,,,,,R 9,,,,,,,,,,,,,,,,,,,,,,,,,,,,iQ,,,,,,,,21101,,,,Passat CC,V90,,,,,,,,,
,,,,,,,,,,,,,,SQ7,,,,,,,,,528,,,,,,,,,Fiat,,,,,,Niva,,SM,,,,,,,,,,,,,,,,,,,,,,,,,Portofino,Palio,,Gran Torino,,,,,,,,,,,,,,,,,,,,,Satellite,,,,,,,,,,,,,,,,,,,,,,RX 450h,,,,,,,,,,,,,,,960,B 180,,,,,,Space Wagon,,,,,,,NV300,,,Charron,,,,,Ranch,,,,,,,,,,,,,Rapid,,,,,,,,,,,,,,,,,,,,,,,,,,,,Ipsum,,,,,,,,21102,,,,Passat Variant,V90 Cross,,,,,,,,,
,,,,,,,,,,,,,,SQ8,,,,,,,,,530,,,,,,,,,Fleetwood,,,,,,Nubira,,Spacetourer,,,,,,,,,,,,,,,,,,,,,,,,,Roma,Panda,,Granada,,,,,,,,,,,,,,,,,,,,,Solaris,,,,,,,,,,,,,,,,,,,,,,SC 400,,,,,,,,,,,,,,,961,B 200,,,,,,Starion,,,,,,,NV400,,,Checker,,,,,Rifter,,,,,,,,,,,,,Safrane,,,,,,,,,,,,,,,,,,,,,,,,,,,,Ist,,,,,,,,21103,,,,Phaeton,XC40,,,,,,,,,
,,,,,,,,,,,,,,TT   ,,,,,,,,,535,,,,,,,,,Florence,,,,,,Orlando,,Traction,,,,,,,,,,,,,,,,,,,,,,,,,SF90 Stradale,Penny,,Grand C-Max,,,,,,,,,,,,,,,,,,,,,Sonata,,,,,,,,,,,,,,,,,,,,,,SC 430,,,,,,,,,,,,,,,962,B 220,,,,,,Tredia,,,,,,,Navara,,,Chernard & Walker,,,,,Traveller,,,,,,,,,,,,,Sandero,,,,,,,,,,,,,,,,,,,,,,,,,,,,KJ,,,,,,,,21104,,,,Pointer,XC60,,,,,,,,,
,,,,,,,,,,,,,,TT RS ,,,,,,,,,540,,,,,,,,,Ford,,,,,,Rezzo,,Visa,,,,,,,,,,,,,,,,,,,,,,,,,Scuderia Spider,Pininfarina,,Grand Tourneo,,,,,,,,,,,,,,,,,,,,,Sonica,,,,,,,,,,,,,,,,,,,,,,UX 200,,,,,,,,,,,,,,,963,B 250,,,,,,,,,,,,,Note,,,Chevrolet,,,,,,,,,,,,,,,,,,Sandero Stepway,,,,,,,,,,,,,,,,,,,,,,,,,,,,Land Cruiser,,,,,,,,21106,,,,Polo,XC70,,,,,,,,,
,,,,,,,,,,,,,,TTS,,,,,,,,,545,,,,,,,,,Ford / Reimo,,,,,,S-10,,XM,,,,,,,,,,,,,,,,,,,,,,,,,Superamerica,Punto,,Ka/Ka+,,,,,,,,,,,,,,,,,,,,,Starex,,,,,,,,,,,,,,,,,,,,,,UX 250h,,,,,,,,,,,,,,,964,C 160,,,,,,,,,,,,,Pathfinder,,,Chrysler,,,,,,,,,,,,,,,,,,Scenic,,,,,,,,,,,,,,,,,,,,,,,,,,,,Lite-Ace,,,,,,,,21108,,,,Polo Cross,XC90,,,,,,,,,
,,,,,,,,,,,,,,V8,,,,,,,,,550,,,,,,,,,Frankia,,,,,,SSR,,Xantia,,,,,,,,,,,,,,,,,,,,,,,,,Testarossa,Punto Evo,,Kuga,,,,,,,,,,,,,,,,,,,,,Stellar,,,,,,,,,,,,,,,,,,,,,,UX 300e,,,,,,,,,,,,,,,965,C 180,,,,,,,,,,,,,Patrol,,,Cisitalia,,,,,,,,,,,,,,,,,,Spider,,,,,,,,,,,,,,,,,,,,,,,,,,,,MR 2,,,,,,,,2111,,,,Polo GTI,,,,,,,,,,
,,,,,,,,,,,,,,,,,,,,,,,620,,,,,,,,,General Motors,,,,,,Silverando,,Xsara,,,,,,,,,,,,,,,,,,,,,,,,,,Qubo,,M,,,,,,,,,,,,,,,,,,,,,Terracan,,,,,,,,,,,,,,,,,,,,,,,,,,,,,,,,,,,,,966,C 200,,,,,,,,,,,,,Pick Up,,,Citroen,,,,,,,,,,,,,,,,,,Super 5,,,,,,,,,,,,,,,,,,,,,,,,,,,,Mark II,,,,,,,,21111,,,,Polo Plus,,,,,,,,,,
,,,,,,,,,,,,,,,,,,,,,,,628,,,,,,,,,Gigant,,,,,,Spark,,Xsara Picasso,,,,,,,,,,,,,,,,,,,,,,,,,,Regata,,Maverick,,,,,,,,,,,,,,,,,,,,,Tiburon,,,,,,,,,,,,,,,,,,,,,,,,,,,,,,,,,,,,,967,C 220,,,,,,,,,,,,,Pixo,,,Clan,,,,,,,,,,,,,,,,,,Symbol,,,,,,,,,,,,,,,,,,,,,,,,,,,,Matrix,,,,,,,,21112,,,,Polo R WRC,,,,,,,,,,
,,,,,,,,,,,,,,,,,,,,,,,630,,,,,,,,,Giottiline,,,,,,Suburban,,ZX,,,,,,,,,,,,,,,,,,,,,,,,,,Rtimo,,Mercury,,,,,,,,,,,,,,,,,,,,,Trajet,,,,,,,,,,,,,,,,,,,,,,,,,,,,,,,,,,,,,968,C 230,,,,,,,,,,,,,Prairie,,,Clenet,,,,,,,,,,,,,,,,,,Talisman,,,,,,,,,,,,,,,,,,,,,,,,,,,,Mirai,,,,,,,,21113,,,,Polo Sedan,,,,,,,,,,
,,,,,,,,,,,,,,,,,,,,,,,633,,,,,,,,,Globecar,,,,,,Tacuma,,,,,,,,,,,,,,,,,,,,,,,,,,,,Scudo,,Mondeo,,,,,,,,,,,,,,,,,,,,,Tucson,,,,,,,,,,,,,,,,,,,,,,,,,,,,,,,,,,,,,969,C 240,,,,,,,,,,,,,Presage,,,Commer,,,,,,,,,,,,,,,,,,Trafic,,,,,,,,,,,,,,,,,,,,,,,,,,,,Model F,,,,,,,,21114,,,,Polo Variant,,,,,,,,,,
,,,,,,,,,,,,,,,,,,,,,,,635,,,,,,,,,Granduca,,,,,,Tahoe,,,,,,,,,,,,,,,,,,,,,,,,,,,,Sedici,,Mustang,,,,,,,,,,,,,,,,,,,,,Veloster,,,,,,,,,,,,,,,,,,,,,,,,,,,,,,,,,,,,,986,C 250,,,,,,,,,,,,,Presea,,,Continental,,,,,,,,,,,,,,,,,,Twingo,,,,,,,,,,,,,,,,,,,,,,,,,,,,Nadia,,,,,,,,2112,,,,Routan,,,,,,,,,,
,,,,,,,,,,,,,,,,,,,,,,,640,,,,,,,,,Hehn,,,,,,Tracker,,,,,,,,,,,,,,,,,,,,,,,,,,,,Seicento,,Orion,,,,,,,,,,,,,,,,,,,,,Veracruz,,,,,,,,,,,,,,,,,,,,,,,,,,,,,,,,,,,,,,C 270,,,,,,,,,,,,,Primastar,,,Cord,,,,,,,,,,,,,,,,,,Twizy,,,,,,,,,,,,,,,,,,,,,,,,,,,,Noah,,,,,,,,21120,,,,Santana,,,,,,,,,,
,,,,,,,,,,,,,,,,,,,,,,,645,,,,,,,,,Heku,,,,,,Trailblazer,,,,,,,,,,,,,,,,,,,,,,,,,,,,Spider Europa,,Probe,,,,,,,,,,,,,,,,,,,,,Verna,,,,,,,,,,,,,,,,,,,,,,,,,,,,,,,,,,,,,,C 280,,,,,,,,,,,,,Primera,,,Corvette,,,,,,,,,,,,,,,,,,Vel Satis,,,,,,,,,,,,,,,,,,,,,,,,,,,,Opa,,,,,,,,21121,,,,Scirocco,,,,,,,,,,
,,,,,,,,,,,,,,,,,,,,,,,650,,,,,,,,,Hubby,,,,,,Trans Sport,,,,,,,,,,,,,,,,,,,,,,,,,,,,Stilo,,Puma,,,,,,,,,,,,,,,,,,,,,XG 250,,,,,,,,,,,,,,,,,,,,,,,,,,,,,,,,,,,,,,C 30 AMG,,,,,,,,,,,,,Pulsar,,,Cunningham,,,,,,,,,,,,,,,,,,Wind,,,,,,,,,,,,,,,,,,,,,,,,,,,,Paseo,,,,,,,,21122,,,,Sharan,,,,,,,,,,
,,,,,,,,,,,,,,,,,,,,,,,725,,,,,,,,,Holiday Rambler,,,,,,Traverse,,,,,,,,,,,,,,,,,,,,,,,,,,,,Strada,,RS 200,,,,,,,,,,,,,,,,,,,,,XG 30,,,,,,,,,,,,,,,,,,,,,,,,,,,,,,,,,,,,,,C 300,,,,,,,,,,,,,Qashqai,,,D.F.P,,,,,,,,,,,,,,,,,,ZOE,,,,,,,,,,,,,,,,,,,,,,,,,,,,Passo,,,,,,,,21123,,,,T-Cross,,,,,,,,,,
,,,,,,,,,,,,,,,,,,,,,,,728,,,,,,,,,Home-Car,,,,,,Trax,,,,,,,,,,,,,,,,,,,,,,,,,,,,Talento,,Ranger,,,,,,,,,,,,,,,,,,,,,XG 350,,,,,,,,,,,,,,,,,,,,,,,,,,,,,,,,,,,,,,C 32 AMG,,,,,,,,,,,,,Qashqai+2,,,DKW,,,,,,,,,,,,,,,,,,,,,,,,,,,,,,,,,,,,,,,,,,,,,,Pick Up,,,,,,,,21124,,,,T-Roc,,,,,,,,,,
,,,,,,,,,,,,,,,,,,,,,,,730,,,,,,,,,Hymer,,,,,,Uplander,,,,,,,,,,,,,,,,,,,,,,,,,,,,Tempra,,S-Max,,,,,,,,,,,,,,,,,,,,,,,,,,,,,,,,,,,,,,,,,,,,,,,,,,,,,,,,,,,C 320,,,,,,,,,,,,,Quest,,,Daf,,,,,,,,,,,,,,,,,,,,,,,,,,,,,,,,,,,,,,,,,,,,,,Picnic,,,,,,,,2113,,,,T1,,,,,,,,,,
,,,,,,,,,,,,,,,,,,,,,,,732,,,,,,,,,ICF,,,,,,Viva,,,,,,,,,,,,,,,,,,,,,,,,,,,,Tipo,,Scorpio,,,,,,,,,,,,,,,,,,,,,,,,,,,,,,,,,,,,,,,,,,,,,,,,,,,,,,,,,,,C 350,,,,,,,,,,,,,R Nessa,,,Daimler,,,,,,,,,,,,,,,,,,,,,,,,,,,,,,,,,,,,,,,,,,,,,,Platz,,,,,,,,21130,,,,T2,,,,,,,,,,
,,,,,,,,,,,,,,,,,,,,,,,735,,,,,,,,,Iveco,,,,,,Volt,,,,,,,,,,,,,,,,,,,,,,,,,,,,Ulysse,,Sierra,,,,,,,,,,,,,,,,,,,,,,,,,,,,,,,,,,,,,,,,,,,,,,,,,,,,,,,,,,,C 36 AMG,,,,,,,,,,,,,Rogue,,,Dante,,,,,,,,,,,,,,,,,,,,,,,,,,,,,,,,,,,,,,,,,,,,,,Premio,,,,,,,,2114,,,,T3,,,,,,,,,,
,,,,,,,,,,,,,,,,,,,,,,,740,,,,,,,,,Karmann,,,,,,,,,,,,,,,,,,,,,,,,,,,,,,,,,,Uno,,Sportka,,,,,,,,,,,,,,,,,,,,,,,,,,,,,,,,,,,,,,,,,,,,,,,,,,,,,,,,,,,C 400,,,,,,,,,,,,,Safari,,,Datsun,,,,,,,,,,,,,,,,,,,,,,,,,,,,,,,,,,,,,,,,,,,,,,Previa,,,,,,,,21140,,,,T3 Blue Star,,,,,,,,,,
,,,,,,,,,,,,,,,,,,,,,,,745,,,,,,,,,Kentucky,,,,,,,,,,,,,,,,,,,,,,,,,,,,,,,,,,X 1/9,,Streetka,,,,,,,,,,,,,,,,,,,,,,,,,,,,,,,,,,,,,,,,,,,,,,,,,,,,,,,,,,,C 43 AMG,,,,,,,,,,,,,Sentra,,,Day Elder,,,,,,,,,,,,,,,,,,,,,,,,,,,,,,,,,,,,,,,,,,,,,,Prius,,,,,,,,2115,,,,T3 California,,,,,,,,,,
,,,,,,,,,,,,,,,,,,,,,,,750,,,,,,,,,Kip,,,,,,,,,,,,,,,,,,,,,,,,,,,,,,,,,,,,Taunus,,,,,,,,,,,,,,,,,,,,,,,,,,,,,,,,,,,,,,,,,,,,,,,,,,,,,,,,,,,C 450,,,,,,,,,,,,,Serena,,,De Dion Bouton,,,,,,,,,,,,,,,,,,,,,,,,,,,,,,,,,,,,,,,,,,,,,,Prius+,,,,,,,,21150,,,,T3 Caravelle,,,,,,,,,,
,,,,,,,,,,,,,,,,,,,,,,,760,,,,,,,,,Knaus,,,,,,,,,,,,,,,,,,,,,,,,,,,,,,,,,,,,Taurus,,,,,,,,,,,,,,,,,,,,,,,,,,,,,,,,,,,,,,,,,,,,,,,,,,,,,,,,,,,C 55 AMG,,,,,,,,,,,,,Silvia,,,De Lorean,,,,,,,,,,,,,,,,,,,,,,,,,,,,,,,,,,,,,,,,,,,,,,Proace,,,,,,,,21150i,,,,T3 Kombi,,,,,,,,,,
,,,,,,,,,,,,,,,,,,,,,,,830,,,,,,,,,LMC,,,,,,,,,,,,,,,,,,,,,,,,,,,,,,,,,,,,Thunderbird,,,,,,,,,,,,,,,,,,,,,,,,,,,,,,,,,,,,,,,,,,,,,,,,,,,,,,,,,,,C 63 AMG,,,,,,,,,,,,,Skyline,,,De Soto,,,,,,,,,,,,,,,,,,,,,,,,,,,,,,,,,,,,,,,,,,,,,,RAV 4,,,,,,,,2120,,,,T3 Multivan,,,,,,,,,,
,,,,,,,,,,,,,,,,,,,,,,,840,,,,,,,,,La Strada,,,,,,,,,,,,,,,,,,,,,,,,,,,,,,,,,,,,Torino,,,,,,,,,,,,,,,,,,,,,,,,,,,,,,,,,,,,,,,,,,,,,,,,,,,,,,,,,,,CE 200,,,,,,,,,,,,,Stagea,,,De Tomaso,,,,,,,,,,,,,,,,,,,,,,,,,,,,,,,,,,,,,,,,,,,,,,Ractis,,,,,,,,2121,,,,T3 White Star,,,,,,,,,,
,,,,,,,,,,,,,,,,,,,,,,,850,,,,,,,,,Laika,,,,,,,,,,,,,,,,,,,,,,,,,,,,,,,,,,,,Tourneo,,,,,,,,,,,,,,,,,,,,,,,,,,,,,,,,,,,,,,,,,,,,,,,,,,,,,,,,,,,CE 220,,,,,,,,,,,,,Stanza,,,DeSoto,,,,,,,,,,,,,,,,,,,,,,,,,,,,,,,,,,,,,,,,,,,,,,Raum,,,,,,,,21213,,,,T4,,,,,,,,,,
,,,,,,,,,,,,,,,,,,,,,,,Active Hybrid 3,,,,,,,,,Linne-Liner,,,,,,,,,,,,,,,,,,,,,,,,,,,,,,,,,,,,Tourneo Connect,,,,,,,,,,,,,,,,,,,,,,,,,,,,,,,,,,,,,,,,,,,,,,,,,,,,,,,,,,,CE 230,,,,,,,,,,,,,Sunny,,,Delage,,,,,,,,,,,,,,,,,,,,,,,,,,,,,,,,,,,,,,,,,,,,,,Sequoia,,,,,,,,21214,,,,T4 Allstar,,,,,,,,,,
,,,,,,,,,,,,,,,,,,,,,,,Active Hybrid 7,,,,,,,,,M+M Mobile,,,,,,,,,,,,,,,,,,,,,,,,,,,,,,,,,,,,Tourneo Custom,,,,,,,,,,,,,,,,,,,,,,,,,,,,,,,,,,,,,,,,,,,,,,,,,,,,,,,,,,,CE 280,,,,,,,,,,,,,Teana,,,Delahaye,,,,,,,,,,,,,,,,,,,,,,,,,,,,,,,,,,,,,,,,,,,,,,Sienna,,,,,,,,21218,,,,T4 California,,,,,,,,,,
,,,,,,,,,,,,,,,,,,,,,,,Active Hybrid X6,,,,,,,,,Ma-Bu,,,,,,,,,,,,,,,,,,,,,,,,,,,,,,,,,,,,Transit,,,,,,,,,,,,,,,,,,,,,,,,,,,,,,,,,,,,,,,,,,,,,,,,,,,,,,,,,,,CE 300,,,,,,,,,,,,,Terrano,,,Denzel,,,,,,,,,,,,,,,,,,,,,,,,,,,,,,,,,,,,,,,,,,,,,,Solara,,,,,,,,212180,,,,T4 Caravelle,,,,,,,,,,
,,,,,,,,,,,,,,,,,,,,,,,i3,,,,,,,,,Maesss,,,,,,,,,,,,,,,,,,,,,,,,,,,,,,,,,,,,Transit Bus,,,,,,,,,,,,,,,,,,,,,,,,,,,,,,,,,,,,,,,,,,,,,,,,,,,,,,,,,,,Citan,,,,,,,,,,,,,Tilda,,,Deutz,,,,,,,,,,,,,,,,,,,,,,,,,,,,,,,,,,,,,,,,,,,,,,Sprinter,,,,,,,,2123,,,,T4 Multivan,,,,,,,,,,
,,,,,,,,,,,,,,,,,,,,,,,i8,,,,,,,,,Man,,,,,,,,,,,,,,,,,,,,,,,,,,,,,,,,,,,,Transit Connect,,,,,,,,,,,,,,,,,,,,,,,,,,,,,,,,,,,,,,,,,,,,,,,,,,,,,,,,,,,CL 160,,,,,,,,,,,,,Titan,,,Dodge,,,,,,,,,,,,,,,,,,,,,,,,,,,,,,,,,,,,,,,,,,,,,,Starlet,,,,,,,,2129,,,,T5,,,,,,,,,,
,,,,,,,,,,,,,,,,,,,,,,,iX3,,,,,,,,,Mazda,,,,,,,,,,,,,,,,,,,,,,,,,,,,,,,,,,,,Transit Courier,,,,,,,,,,,,,,,,,,,,,,,,,,,,,,,,,,,,,,,,,,,,,,,,,,,,,,,,,,,CL 180,,,,,,,,,,,,,Trade,,,Dort,,,,,,,,,,,,,,,,,,,,,,,,,,,,,,,,,,,,,,,,,,,,,,Supra,,,,,,,,2131,,,,T5 California,,,,,,,,,,
,,,,,,,,,,,,,,,,,,,,,,,M1,,,,,,,,,McLouis,,,,,,,,,,,,,,,,,,,,,,,,,,,,,,,,,,,,Transit Custom,,,,,,,,,,,,,,,,,,,,,,,,,,,,,,,,,,,,,,,,,,,,,,,,,,,,,,,,,,,CL 200,,,,,,,,,,,,,Urvan,,,Duesenberg,,,,,,,,,,,,,,,,,,,,,,,,,,,,,,,,,,,,,,,,,,,,,,Tacoma,,,,,,,,21312,,,,T5 Caravelle,,,,,,,,,,
,,,,,,,,,,,,,,,,,,,,,,,M2 ,,,,,,,,,MegaMobil,,,,,,,,,,,,,,,,,,,,,,,,,,,,,,,,,,,,Windstar,,,,,,,,,,,,,,,,,,,,,,,,,,,,,,,,,,,,,,,,,,,,,,,,,,,,,,,,,,,CL 220,,,,,,,,,,,,,Vanette,,,Durant,,,,,,,,,,,,,,,,,,,,,,,,,,,,,,,,,,,,,,,,,,,,,,Tercel,,,,,,,,2170,,,,T5 Kombi,,,,,,,,,,
,,,,,,,,,,,,,,,,,,,,,,,M3,,,,,,,,,Mercedes-Benz,,,,,,,,,,,,,,,,,,,,,,,,,,,,,,,,,,,,,,,,,,,,,,,,,,,,,,,,,,,,,,,,,,,,,,,,,,,,,,,,,,,,,,,,,,,,,,,CL 230,,,,,,,,,,,,,Wingroad,,,Dutton,,,,,,,,,,,,,,,,,,,,,,,,,,,,,,,,,,,,,,,,,,,,,,Town Ace,,,,,,,,2199,,,,T5 Multivan,,,,,,,,,,
,,,,,,,,,,,,,,,,,,,,,,,M4 ,,,,,,,,,Miller,,,,,,,,,,,,,,,,,,,,,,,,,,,,,,,,,,,,,,,,,,,,,,,,,,,,,,,,,,,,,,,,,,,,,,,,,,,,,,,,,,,,,,,,,,,,,,,CL 320,,,,,,,,,,,,,X-Trail,,,EMW,,,,,,,,,,,,,,,,,,,,,,,,,,,,,,,,,,,,,,,,,,,,,,Tundra,,,,,,,,2328,,,,T5 Shuttle,,,,,,,,,,
,,,,,,,,,,,,,,,,,,,,,,,M5  ,,,,,,,,,Mirage,,,,,,,,,,,,,,,,,,,,,,,,,,,,,,,,,,,,,,,,,,,,,,,,,,,,,,,,,,,,,,,,,,,,,,,,,,,,,,,,,,,,,,,,,,,,,,,CL 420,,,,,,,,,,,,,,,,Edsel,,,,,,,,,,,,,,,,,,,,,,,,,,,,,,,,,,,,,,,,,,,,,,Urban Cruiser,,,,,,,,2329,,,,T5 Transporter,,,,,,,,,,
,,,,,,,,,,,,,,,,,,,,,,,M6,,,,,,,,,Mitsubishi,,,,,,,,,,,,,,,,,,,,,,,,,,,,,,,,,,,,,,,,,,,,,,,,,,,,,,,,,,,,,,,,,,,,,,,,,,,,,,,,,,,,,,,,,,,,,,,CL 500,,,,,,,,,,,,,,,,Elva,,,,,,,,,,,,,,,,,,,,,,,,,,,,,,,,,,,,,,,,,,,,,,Venza,,,,,,,,2364,,,,T6,,,,,,,,,,
,,,,,,,,,,,,,,,,,,,,,,,M8   ,,,,,,,,,Mizar,,,,,,,,,,,,,,,,,,,,,,,,,,,,,,,,,,,,,,,,,,,,,,,,,,,,,,,,,,,,,,,,,,,,,,,,,,,,,,,,,,,,,,,,,,,,,,,CL 55 AMG,,,,,,,,,,,,,,,,England,,,,,,,,,,,,,,,,,,,,,,,,,,,,,,,,,,,,,,,,,,,,,,Verossa,,,,,,,,Roadster,,,,T6 California,,,,,,,,,,
,,,,,,,,,,,,,,,,,,,,,,,M850  ,,,,,,,,,Mobilvetta,,,,,,,,,,,,,,,,,,,,,,,,,,,,,,,,,,,,,,,,,,,,,,,,,,,,,,,,,,,,,,,,,,,,,,,,,,,,,,,,,,,,,,,,,,,,,,,CL 600,,,,,,,,,,,,,,,,Enzmann,,,,,,,,,,,,,,,,,,,,,,,,,,,,,,,,,,,,,,,,,,,,,,Verso,,,,,,,,,,,,T6 Caravelle,,,,,,,,,,
,,,,,,,,,,,,,,,,,,,,,,,X1,,,,,,,,,Monaco,,,,,,,,,,,,,,,,,,,,,,,,,,,,,,,,,,,,,,,,,,,,,,,,,,,,,,,,,,,,,,,,,,,,,,,,,,,,,,,,,,,,,,,,,,,,,,,CL 63 AMG,,,,,,,,,,,,,,,,Essex,,,,,,,,,,,,,,,,,,,,,,,,,,,,,,,,,,,,,,,,,,,,,,Verso-S,,,,,,,,,,,,T6 Kombi,,,,,,,,,,
,,,,,,,,,,,,,,,,,,,,,,,X2,,,,,,,,,Moncayo,,,,,,,,,,,,,,,,,,,,,,,,,,,,,,,,,,,,,,,,,,,,,,,,,,,,,,,,,,,,,,,,,,,,,,,,,,,,,,,,,,,,,,,,,,,,,,,CL 65 AMG,,,,,,,,,,,,,,,,Excalibur,,,,,,,,,,,,,,,,,,,,,,,,,,,,,,,,,,,,,,,,,,,,,,Vista,,,,,,,,,,,,T6 Multivan,,,,,,,,,,
,,,,,,,,,,,,,,,,,,,,,,,X2 M,,,,,,,,,Morelo,,,,,,,,,,,,,,,,,,,,,,,,,,,,,,,,,,,,,,,,,,,,,,,,,,,,,,,,,,,,,,,,,,,,,,,,,,,,,,,,,,,,,,,,,,,,,,,CLA 180,,,,,,,,,,,,,,,,FN,,,,,,,,,,,,,,,,,,,,,,,,,,,,,,,,,,,,,,,,,,,,,,Vitz,,,,,,,,,,,,T6 Transporter,,,,,,,,,,
,,,,,,,,,,,,,,,,,,,,,,,X3,,,,,,,,,Neotec,,,,,,,,,,,,,,,,,,,,,,,,,,,,,,,,,,,,,,,,,,,,,,,,,,,,,,,,,,,,,,,,,,,,,,,,,,,,,,,,,,,,,,,,,,,,,,,CLA 200,,,,,,,,,,,,,,,,Facel Vega,,,,,,,,,,,,,,,,,,,,,,,,,,,,,,,,,,,,,,,,,,,,,,Voxy,,,,,,,,,,,,T6.1,,,,,,,,,,
,,,,,,,,,,,,,,,,,,,,,,,X3 M,,,,,,,,,Niesmann+Bischoff,,,,,,,,,,,,,,,,,,,,,,,,,,,,,,,,,,,,,,,,,,,,,,,,,,,,,,,,,,,,,,,,,,,,,,,,,,,,,,,,,,,,,,,,,,,,,,,CLA 220,,,,,,,,,,,,,,,,Fairthorpe,,,,,,,,,,,,,,,,,,,,,,,,,,,,,,,,,,,,,,,,,,,,,,Will,,,,,,,,,,,,T6.1 California,,,,,,,,,,
,,,,,,,,,,,,,,,,,,,,,,,X4,,,,,,,,,Niewiadow,,,,,,,,,,,,,,,,,,,,,,,,,,,,,,,,,,,,,,,,,,,,,,,,,,,,,,,,,,,,,,,,,,,,,,,,,,,,,,,,,,,,,,,,,,,,,,,CLA 250,,,,,,,,,,,,,,,,Falcon,,,,,,,,,,,,,,,,,,,,,,,,,,,,,,,,,,,,,,,,,,,,,,Windom,,,,,,,,,,,,T6.1 Caravelle,,,,,,,,,,
,,,,,,,,,,,,,,,,,,,,,,,X4 M,,,,,,,,,Nordstar,,,,,,,,,,,,,,,,,,,,,,,,,,,,,,,,,,,,,,,,,,,,,,,,,,,,,,,,,,,,,,,,,,,,,,,,,,,,,,,,,,,,,,,,,,,,,,,CLA 35 AMG,,,,,,,,,,,,,,,,Fenton-Riley,,,,,,,,,,,,,,,,,,,,,,,,,,,,,,,,,,,,,,,,,,,,,,Wish,,,,,,,,,,,,T6.1 Kombi,,,,,,,,,,
,,,,,,,,,,,,,,,,,,,,,,,X5,,,,,,,,,Ormocar,,,,,,,,,,,,,,,,,,,,,,,,,,,,,,,,,,,,,,,,,,,,,,,,,,,,,,,,,,,,,,,,,,,,,,,,,,,,,,,,,,,,,,,,,,,,,,,CLA 45 AMG,,,,,,,,,,,,,,,,Ferrari,,,,,,,,,,,,,,,,,,,,,,,,,,,,,,,,,,,,,,,,,,,,,,Yaris,,,,,,,,,,,,T6.1 Multivan,,,,,,,,,,
,,,,,,,,,,,,,,,,,,,,,,,X5 M,,,,,,,,,Peugeot,,,,,,,,,,,,,,,,,,,,,,,,,,,,,,,,,,,,,,,,,,,,,,,,,,,,,,,,,,,,,,,,,,,,,,,,,,,,,,,,,,,,,,,,,,,,,,,CLC,,,,,,,,,,,,,,,,Fiat,,,,,,,,,,,,,,,,,,,,,,,,,,,,,,,,,,,,,,,,,,,,,,,,,,,,,,,,,,T6.1 Transporter,,,,,,,,,,
,,,,,,,,,,,,,,,,,,,,,,,X6,,,,,,,,,Phoenix,,,,,,,,,,,,,,,,,,,,,,,,,,,,,,,,,,,,,,,,,,,,,,,,,,,,,,,,,,,,,,,,,,,,,,,,,,,,,,,,,,,,,,,,,,,,,,,CLK,,,,,,,,,,,,,,,,Fire Vehicòe,,,,,,,,,,,,,,,,,,,,,,,,,,,,,,,,,,,,,,,,,,,,,,,,,,,,,,,,,,Taro,,,,,,,,,,
,,,,,,,,,,,,,,,,,,,,,,,X6 M,,,,,,,,,Pilote,,,,,,,,,,,,,,,,,,,,,,,,,,,,,,,,,,,,,,,,,,,,,,,,,,,,,,,,,,,,,,,,,,,,,,,,,,,,,,,,,,,,,,,,,,,,,,,CLK 200,,,,,,,,,,,,,,,,Fleur de Lys,,,,,,,,,,,,,,,,,,,,,,,,,,,,,,,,,,,,,,,,,,,,,,,,,,,,,,,,,,Tiguan,,,,,,,,,,
,,,,,,,,,,,,,,,,,,,,,,,X7,,,,,,,,,Procab,,,,,,,,,,,,,,,,,,,,,,,,,,,,,,,,,,,,,,,,,,,,,,,,,,,,,,,,,,,,,,,,,,,,,,,,,,,,,,,,,,,,,,,,,,,,,,,CLK 220,,,,,,,,,,,,,,,,Ford,,,,,,,,,,,,,,,,,,,,,,,,,,,,,,,,,,,,,,,,,,,,,,,,,,,,,,,,,,Touareg,,,,,,,,,,
,,,,,,,,,,,,,,,,,,,,,,,X7 M,,,,,,,,,Pössl,,,,,,,,,,,,,,,,,,,,,,,,,,,,,,,,,,,,,,,,,,,,,,,,,,,,,,,,,,,,,,,,,,,,,,,,,,,,,,,,,,,,,,,,,,,,,,,CLK 230,,,,,,,,,,,,,,,,Fordson,,,,,,,,,,,,,,,,,,,,,,,,,,,,,,,,,,,,,,,,,,,,,,,,,,,,,,,,,,Touran,,,,,,,,,,
,,,,,,,,,,,,,,,,,,,,,,,Z1,,,,,,,,,RMB,,,,,,,,,,,,,,,,,,,,,,,,,,,,,,,,,,,,,,,,,,,,,,,,,,,,,,,,,,,,,,,,,,,,,,,,,,,,,,,,,,,,,,,,,,,,,,,CLK 240,,,,,,,,,,,,,,,,Formula-Car,,,,,,,,,,,,,,,,,,,,,,,,,,,,,,,,,,,,,,,,,,,,,,,,,,,,,,,,,,Transporter,,,,,,,,,,
,,,,,,,,,,,,,,,,,,,,,,,Z3,,,,,,,,,Rapido,,,,,,,,,,,,,,,,,,,,,,,,,,,,,,,,,,,,,,,,,,,,,,,,,,,,,,,,,,,,,,,,,,,,,,,,,,,,,,,,,,,,,,,,,,,,,,,CLK 270,,,,,,,,,,,,,,,,Franklin,,,,,,,,,,,,,,,,,,,,,,,,,,,,,,,,,,,,,,,,,,,,,,,,,,,,,,,,,,Vento,,,,,,,,,,
,,,,,,,,,,,,,,,,,,,,,,,Z3 M,,,,,,,,,Reimo,,,,,,,,,,,,,,,,,,,,,,,,,,,,,,,,,,,,,,,,,,,,,,,,,,,,,,,,,,,,,,,,,,,,,,,,,,,,,,,,,,,,,,,,,,,,,,,CLK 280,,,,,,,,,,,,,,,,Frazer Nash,,,,,,,,,,,,,,,,,,,,,,,,,,,,,,,,,,,,,,,,,,,,,,,,,,,,,,,,,,XL1,,,,,,,,,,
,,,,,,,,,,,,,,,,,,,,,,,Z4,,,,,,,,,Reisemobile Beier,,,,,,,,,,,,,,,,,,,,,,,,,,,,,,,,,,,,,,,,,,,,,,,,,,,,,,,,,,,,,,,,,,,,,,,,,,,,,,,,,,,,,,,,,,,,,,,CLK 320,,,,,,,,,,,,,,,,Fuldamobil,,,,,,,,,,,,,,,,,,,,,,,,,,,,,,,,,,,,,,,,,,,,,,,,,,,,,,,,,,up!,,,,,,,,,,
,,,,,,,,,,,,,,,,,,,,,,,Z4M,,,,,,,,,Renault,,,,,,,,,,,,,,,,,,,,,,,,,,,,,,,,,,,,,,,,,,,,,,,,,,,,,,,,,,,,,,,,,,,,,,,,,,,,,,,,,,,,,,,,,,,,,,,CLK 350,,,,,,,,,,,,,,,,GMC,,,,,,,,,,,,,,,,,,,,,,,,,,,,,,,,,,,,,,,,,,,,,,,,,,,,,,,,,,,,,,,,,,,,
,,,,,,,,,,,,,,,,,,,,,,,Z8,,,,,,,,,Rimor,,,,,,,,,,,,,,,,,,,,,,,,,,,,,,,,,,,,,,,,,,,,,,,,,,,,,,,,,,,,,,,,,,,,,,,,,,,,,,,,,,,,,,,,,,,,,,,CLK 430,,,,,,,,,,,,,,,,GSM,,,,,,,,,,,,,,,,,,,,,,,,,,,,,,,,,,,,,,,,,,,,,,,,,,,,,,,,,,,,,,,,,,,,
,,,,,,,,,,,,,,,,,,,,,,,,,,,,,,,,Riva,,,,,,,,,,,,,,,,,,,,,,,,,,,,,,,,,,,,,,,,,,,,,,,,,,,,,,,,,,,,,,,,,,,,,,,,,,,,,,,,,,,,,,,,,,,,,,,CLK 500,,,,,,,,,,,,,,,,Gaz,,,,,,,,,,,,,,,,,,,,,,,,,,,,,,,,,,,,,,,,,,,,,,,,,,,,,,,,,,,,,,,,,,,,
,,,,,,,,,,,,,,,,,,,,,,,,,,,,,,,,Riviera,,,,,,,,,,,,,,,,,,,,,,,,,,,,,,,,,,,,,,,,,,,,,,,,,,,,,,,,,,,,,,,,,,,,,,,,,,,,,,,,,,,,,,,,,,,,,,,CLK 55 AMG,,,,,,,,,,,,,,,,Ghia,,,,,,,,,,,,,,,,,,,,,,,,,,,,,,,,,,,,,,,,,,,,,,,,,,,,,,,,,,,,,,,,,,,,
,,,,,,,,,,,,,,,,,,,,,,,,,,,,,,,,Roadtrek,,,,,,,,,,,,,,,,,,,,,,,,,,,,,,,,,,,,,,,,,,,,,,,,,,,,,,,,,,,,,,,,,,,,,,,,,,,,,,,,,,,,,,,,,,,,,,,CLK 63 AMG,,,,,,,,,,,,,,,,Gilbern,,,,,,,,,,,,,,,,,,,,,,,,,,,,,,,,,,,,,,,,,,,,,,,,,,,,,,,,,,,,,,,,,,,,
,,,,,,,,,,,,,,,,,,,,,,,,,,,,,,,,Robel-Mobil,,,,,,,,,,,,,,,,,,,,,,,,,,,,,,,,,,,,,,,,,,,,,,,,,,,,,,,,,,,,,,,,,,,,,,,,,,,,,,,,,,,,,,,,,,,,,,,CLS 220,,,,,,,,,,,,,,,,Ginatta,,,,,,,,,,,,,,,,,,,,,,,,,,,,,,,,,,,,,,,,,,,,,,,,,,,,,,,,,,,,,,,,,,,,
,,,,,,,,,,,,,,,,,,,,,,,,,,,,,,,,Rockwood,,,,,,,,,,,,,,,,,,,,,,,,,,,,,,,,,,,,,,,,,,,,,,,,,,,,,,,,,,,,,,,,,,,,,,,,,,,,,,,,,,,,,,,,,,,,,,,CLS 250,,,,,,,,,,,,,,,,Ginetta,,,,,,,,,,,,,,,,,,,,,,,,,,,,,,,,,,,,,,,,,,,,,,,,,,,,,,,,,,,,,,,,,,,,
,,,,,,,,,,,,,,,,,,,,,,,,,,,,,,,,Selbstbau,,,,,,,,,,,,,,,,,,,,,,,,,,,,,,,,,,,,,,,,,,,,,,,,,,,,,,,,,,,,,,,,,,,,,,,,,,,,,,,,,,,,,,,,,,,,,,,CLS 280,,,,,,,,,,,,,,,,Glas,,,,,,,,,,,,,,,,,,,,,,,,,,,,,,,,,,,,,,,,,,,,,,,,,,,,,,,,,,,,,,,,,,,,
,,,,,,,,,,,,,,,,,,,,,,,,,,,,,,,,Sterckeman,,,,,,,,,,,,,,,,,,,,,,,,,,,,,,,,,,,,,,,,,,,,,,,,,,,,,,,,,,,,,,,,,,,,,,,,,,,,,,,,,,,,,,,,,,,,,,,CLS 300,,,,,,,,,,,,,,,,Goggomobil,,,,,,,,,,,,,,,,,,,,,,,,,,,,,,,,,,,,,,,,,,,,,,,,,,,,,,,,,,,,,,,,,,,,
,,,,,,,,,,,,,,,,,,,,,,,,,,,,,,,,Sunlight,,,,,,,,,,,,,,,,,,,,,,,,,,,,,,,,,,,,,,,,,,,,,,,,,,,,,,,,,,,,,,,,,,,,,,,,,,,,,,,,,,,,,,,,,,,,,,,CLS 320,,,,,,,,,,,,,,,,Goliath,,,,,,,,,,,,,,,,,,,,,,,,,,,,,,,,,,,,,,,,,,,,,,,,,,,,,,,,,,,,,,,,,,,,
,,,,,,,,,,,,,,,,,,,,,,,,,,,,,,,,Swift,,,,,,,,,,,,,,,,,,,,,,,,,,,,,,,,,,,,,,,,,,,,,,,,,,,,,,,,,,,,,,,,,,,,,,,,,,,,,,,,,,,,,,,,,,,,,,,CLS 350,,,,,,,,,,,,,,,,Gordon Keeble,,,,,,,,,,,,,,,,,,,,,,,,,,,,,,,,,,,,,,,,,,,,,,,,,,,,,,,,,,,,,,,,,,,,
,,,,,,,,,,,,,,,,,,,,,,,,,,,,,,,,TEC,,,,,,,,,,,,,,,,,,,,,,,,,,,,,,,,,,,,,,,,,,,,,,,,,,,,,,,,,,,,,,,,,,,,,,,,,,,,,,,,,,,,,,,,,,,,,,,CLS 400,,,,,,,,,,,,,,,,Graham-Paige,,,,,,,,,,,,,,,,,,,,,,,,,,,,,,,,,,,,,,,,,,,,,,,,,,,,,,,,,,,,,,,,,,,,
,,,,,,,,,,,,,,,,,,,,,,,,,,,,,,,,Tabbert,,,,,,,,,,,,,,,,,,,,,,,,,,,,,,,,,,,,,,,,,,,,,,,,,,,,,,,,,,,,,,,,,,,,,,,,,,,,,,,,,,,,,,,,,,,,,,,CLS 450,,,,,,,,,,,,,,,,Gutbrod,,,,,,,,,,,,,,,,,,,,,,,,,,,,,,,,,,,,,,,,,,,,,,,,,,,,,,,,,,,,,,,,,,,,
,,,,,,,,,,,,,,,,,,,,,,,,,,,,,,,,Tischer,,,,,,,,,,,,,,,,,,,,,,,,,,,,,,,,,,,,,,,,,,,,,,,,,,,,,,,,,,,,,,,,,,,,,,,,,,,,,,,,,,,,,,,,,,,,,,,CLS 500,,,,,,,,,,,,,,,,HRG,,,,,,,,,,,,,,,,,,,,,,,,,,,,,,,,,,,,,,,,,,,,,,,,,,,,,,,,,,,,,,,,,,,,
,,,,,,,,,,,,,,,,,,,,,,,,,,,,,,,,Trigano,,,,,,,,,,,,,,,,,,,,,,,,,,,,,,,,,,,,,,,,,,,,,,,,,,,,,,,,,,,,,,,,,,,,,,,,,,,,,,,,,,,,,,,,,,,,,,,CLS 53 AMG,,,,,,,,,,,,,,,,Hanomag,,,,,,,,,,,,,,,,,,,,,,,,,,,,,,,,,,,,,,,,,,,,,,,,,,,,,,,,,,,,,,,,,,,,
,,,,,,,,,,,,,,,,,,,,,,,,,,,,,,,,Triple E,,,,,,,,,,,,,,,,,,,,,,,,,,,,,,,,,,,,,,,,,,,,,,,,,,,,,,,,,,,,,,,,,,,,,,,,,,,,,,,,,,,,,,,,,,,,,,,CLS 55 AMG,,,,,,,,,,,,,,,,Harley Davidson,,,,,,,,,,,,,,,,,,,,,,,,,,,,,,,,,,,,,,,,,,,,,,,,,,,,,,,,,,,,,,,,,,,,
,,,,,,,,,,,,,,,,,,,,,,,,,,,,,,,,Ultra,,,,,,,,,,,,,,,,,,,,,,,,,,,,,,,,,,,,,,,,,,,,,,,,,,,,,,,,,,,,,,,,,,,,,,,,,,,,,,,,,,,,,,,,,,,,,,,CLS 63 AMG,,,,,,,,,,,,,,,,Healey,,,,,,,,,,,,,,,,,,,,,,,,,,,,,,,,,,,,,,,,,,,,,,,,,,,,,,,,,,,,,,,,,,,,
,,,,,,,,,,,,,,,,,,,,,,,,,,,,,,,,VW,,,,,,,,,,,,,,,,,,,,,,,,,,,,,,,,,,,,,,,,,,,,,,,,,,,,,,,,,,,,,,,,,,,,,,,,,,,,,,,,,,,,,,,,,,,,,,,E 200,,,,,,,,,,,,,,,,Heinkel,,,,,,,,,,,,,,,,,,,,,,,,,,,,,,,,,,,,,,,,,,,,,,,,,,,,,,,,,,,,,,,,,,,,
,,,,,,,,,,,,,,,,,,,,,,,,,,,,,,,,Vario,,,,,,,,,,,,,,,,,,,,,,,,,,,,,,,,,,,,,,,,,,,,,,,,,,,,,,,,,,,,,,,,,,,,,,,,,,,,,,,,,,,,,,,,,,,,,,,E 220,,,,,,,,,,,,,,,,Heritage,,,,,,,,,,,,,,,,,,,,,,,,,,,,,,,,,,,,,,,,,,,,,,,,,,,,,,,,,,,,,,,,,,,,
,,,,,,,,,,,,,,,,,,,,,,,,,,,,,,,,Weinsberg,,,,,,,,,,,,,,,,,,,,,,,,,,,,,,,,,,,,,,,,,,,,,,,,,,,,,,,,,,,,,,,,,,,,,,,,,,,,,,,,,,,,,,,,,,,,,,,E 230,,,,,,,,,,,,,,,,Hillman,,,,,,,,,,,,,,,,,,,,,,,,,,,,,,,,,,,,,,,,,,,,,,,,,,,,,,,,,,,,,,,,,,,,
,,,,,,,,,,,,,,,,,,,,,,,,,,,,,,,,Weippert,,,,,,,,,,,,,,,,,,,,,,,,,,,,,,,,,,,,,,,,,,,,,,,,,,,,,,,,,,,,,,,,,,,,,,,,,,,,,,,,,,,,,,,,,,,,,,,E 240,,,,,,,,,,,,,,,,Hino,,,,,,,,,,,,,,,,,,,,,,,,,,,,,,,,,,,,,,,,,,,,,,,,,,,,,,,,,,,,,,,,,,,,
,,,,,,,,,,,,,,,,,,,,,,,,,,,,,,,,Westfalia,,,,,,,,,,,,,,,,,,,,,,,,,,,,,,,,,,,,,,,,,,,,,,,,,,,,,,,,,,,,,,,,,,,,,,,,,,,,,,,,,,,,,,,,,,,,,,,E 250,,,,,,,,,,,,,,,,Hispano-Suiza,,,,,,,,,,,,,,,,,,,,,,,,,,,,,,,,,,,,,,,,,,,,,,,,,,,,,,,,,,,,,,,,,,,,
,,,,,,,,,,,,,,,,,,,,,,,,,,,,,,,,Wilk,,,,,,,,,,,,,,,,,,,,,,,,,,,,,,,,,,,,,,,,,,,,,,,,,,,,,,,,,,,,,,,,,,,,,,,,,,,,,,,,,,,,,,,,,,,,,,,E 260,,,,,,,,,,,,,,,,Holden,,,,,,,,,,,,,,,,,,,,,,,,,,,,,,,,,,,,,,,,,,,,,,,,,,,,,,,,,,,,,,,,,,,,
,,,,,,,,,,,,,,,,,,,,,,,,,,,,,,,,Winnebago,,,,,,,,,,,,,,,,,,,,,,,,,,,,,,,,,,,,,,,,,,,,,,,,,,,,,,,,,,,,,,,,,,,,,,,,,,,,,,,,,,,,,,,,,,,,,,,E 270 ,,,,,,,,,,,,,,,,Honda,,,,,,,,,,,,,,,,,,,,,,,,,,,,,,,,,,,,,,,,,,,,,,,,,,,,,,,,,,,,,,,,,,,,
,,,,,,,,,,,,,,,,,,,,,,,,,,,,,,,,,,,,,,,,,,,,,,,,,,,,,,,,,,,,,,,,,,,,,,,,,,,,,,,,,,,,,,,,,,,,,,,,,,,,,,,,,,,,,,,,,,,,,,,,,,,,,,,E 280,,,,,,,,,,,,,,,,Horch,,,,,,,,,,,,,,,,,,,,,,,,,,,,,,,,,,,,,,,,,,,,,,,,,,,,,,,,,,,,,,,,,,,,
,,,,,,,,,,,,,,,,,,,,,,,,,,,,,,,,,,,,,,,,,,,,,,,,,,,,,,,,,,,,,,,,,,,,,,,,,,,,,,,,,,,,,,,,,,,,,,,,,,,,,,,,,,,,,,,,,,,,,,,,,,,,,,,E 290,,,,,,,,,,,,,,,,Hotchkiss,,,,,,,,,,,,,,,,,,,,,,,,,,,,,,,,,,,,,,,,,,,,,,,,,,,,,,,,,,,,,,,,,,,,
,,,,,,,,,,,,,,,,,,,,,,,,,,,,,,,,,,,,,,,,,,,,,,,,,,,,,,,,,,,,,,,,,,,,,,,,,,,,,,,,,,,,,,,,,,,,,,,,,,,,,,,,,,,,,,,,,,,,,,,,,,,,,,,E 300,,,,,,,,,,,,,,,,Hudson,,,,,,,,,,,,,,,,,,,,,,,,,,,,,,,,,,,,,,,,,,,,,,,,,,,,,,,,,,,,,,,,,,,,
,,,,,,,,,,,,,,,,,,,,,,,,,,,,,,,,,,,,,,,,,,,,,,,,,,,,,,,,,,,,,,,,,,,,,,,,,,,,,,,,,,,,,,,,,,,,,,,,,,,,,,,,,,,,,,,,,,,,,,,,,,,,,,,E 320,,,,,,,,,,,,,,,,Humber,,,,,,,,,,,,,,,,,,,,,,,,,,,,,,,,,,,,,,,,,,,,,,,,,,,,,,,,,,,,,,,,,,,,
,,,,,,,,,,,,,,,,,,,,,,,,,,,,,,,,,,,,,,,,,,,,,,,,,,,,,,,,,,,,,,,,,,,,,,,,,,,,,,,,,,,,,,,,,,,,,,,,,,,,,,,,,,,,,,,,,,,,,,,,,,,,,,,E 350,,,,,,,,,,,,,,,,Hupmobile,,,,,,,,,,,,,,,,,,,,,,,,,,,,,,,,,,,,,,,,,,,,,,,,,,,,,,,,,,,,,,,,,,,,
,,,,,,,,,,,,,,,,,,,,,,,,,,,,,,,,,,,,,,,,,,,,,,,,,,,,,,,,,,,,,,,,,,,,,,,,,,,,,,,,,,,,,,,,,,,,,,,,,,,,,,,,,,,,,,,,,,,,,,,,,,,,,,,E 36 AMG,,,,,,,,,,,,,,,,IFA,,,,,,,,,,,,,,,,,,,,,,,,,,,,,,,,,,,,,,,,,,,,,,,,,,,,,,,,,,,,,,,,,,,,
,,,,,,,,,,,,,,,,,,,,,,,,,,,,,,,,,,,,,,,,,,,,,,,,,,,,,,,,,,,,,,,,,,,,,,,,,,,,,,,,,,,,,,,,,,,,,,,,,,,,,,,,,,,,,,,,,,,,,,,,,,,,,,,E 400,,,,,,,,,,,,,,,,IHC,,,,,,,,,,,,,,,,,,,,,,,,,,,,,,,,,,,,,,,,,,,,,,,,,,,,,,,,,,,,,,,,,,,,
,,,,,,,,,,,,,,,,,,,,,,,,,,,,,,,,,,,,,,,,,,,,,,,,,,,,,,,,,,,,,,,,,,,,,,,,,,,,,,,,,,,,,,,,,,,,,,,,,,,,,,,,,,,,,,,,,,,,,,,,,,,,,,,E 420,,,,,,,,,,,,,,,,Innocenti,,,,,,,,,,,,,,,,,,,,,,,,,,,,,,,,,,,,,,,,,,,,,,,,,,,,,,,,,,,,,,,,,,,,
,,,,,,,,,,,,,,,,,,,,,,,,,,,,,,,,,,,,,,,,,,,,,,,,,,,,,,,,,,,,,,,,,,,,,,,,,,,,,,,,,,,,,,,,,,,,,,,,,,,,,,,,,,,,,,,,,,,,,,,,,,,,,,,E 43 AMG,,,,,,,,,,,,,,,,International,,,,,,,,,,,,,,,,,,,,,,,,,,,,,,,,,,,,,,,,,,,,,,,,,,,,,,,,,,,,,,,,,,,,
,,,,,,,,,,,,,,,,,,,,,,,,,,,,,,,,,,,,,,,,,,,,,,,,,,,,,,,,,,,,,,,,,,,,,,,,,,,,,,,,,,,,,,,,,,,,,,,,,,,,,,,,,,,,,,,,,,,,,,,,,,,,,,,E 430,,,,,,,,,,,,,,,,Iso Rivolta,,,,,,,,,,,,,,,,,,,,,,,,,,,,,,,,,,,,,,,,,,,,,,,,,,,,,,,,,,,,,,,,,,,,
,,,,,,,,,,,,,,,,,,,,,,,,,,,,,,,,,,,,,,,,,,,,,,,,,,,,,,,,,,,,,,,,,,,,,,,,,,,,,,,,,,,,,,,,,,,,,,,,,,,,,,,,,,,,,,,,,,,,,,,,,,,,,,,E 450,,,,,,,,,,,,,,,,Isuzu,,,,,,,,,,,,,,,,,,,,,,,,,,,,,,,,,,,,,,,,,,,,,,,,,,,,,,,,,,,,,,,,,,,,
,,,,,,,,,,,,,,,,,,,,,,,,,,,,,,,,,,,,,,,,,,,,,,,,,,,,,,,,,,,,,,,,,,,,,,,,,,,,,,,,,,,,,,,,,,,,,,,,,,,,,,,,,,,,,,,,,,,,,,,,,,,,,,,E 50 AMG,,,,,,,,,,,,,,,,Jaguar,,,,,,,,,,,,,,,,,,,,,,,,,,,,,,,,,,,,,,,,,,,,,,,,,,,,,,,,,,,,,,,,,,,,
,,,,,,,,,,,,,,,,,,,,,,,,,,,,,,,,,,,,,,,,,,,,,,,,,,,,,,,,,,,,,,,,,,,,,,,,,,,,,,,,,,,,,,,,,,,,,,,,,,,,,,,,,,,,,,,,,,,,,,,,,,,,,,,E 500,,,,,,,,,,,,,,,,Jeep,,,,,,,,,,,,,,,,,,,,,,,,,,,,,,,,,,,,,,,,,,,,,,,,,,,,,,,,,,,,,,,,,,,,
,,,,,,,,,,,,,,,,,,,,,,,,,,,,,,,,,,,,,,,,,,,,,,,,,,,,,,,,,,,,,,,,,,,,,,,,,,,,,,,,,,,,,,,,,,,,,,,,,,,,,,,,,,,,,,,,,,,,,,,,,,,,,,,E 53 AMG,,,,,,,,,,,,,,,,Jesen,,,,,,,,,,,,,,,,,,,,,,,,,,,,,,,,,,,,,,,,,,,,,,,,,,,,,,,,,,,,,,,,,,,,
,,,,,,,,,,,,,,,,,,,,,,,,,,,,,,,,,,,,,,,,,,,,,,,,,,,,,,,,,,,,,,,,,,,,,,,,,,,,,,,,,,,,,,,,,,,,,,,,,,,,,,,,,,,,,,,,,,,,,,,,,,,,,,,E 55 AMG,,,,,,,,,,,,,,,,Kaiser,,,,,,,,,,,,,,,,,,,,,,,,,,,,,,,,,,,,,,,,,,,,,,,,,,,,,,,,,,,,,,,,,,,,
,,,,,,,,,,,,,,,,,,,,,,,,,,,,,,,,,,,,,,,,,,,,,,,,,,,,,,,,,,,,,,,,,,,,,,,,,,,,,,,,,,,,,,,,,,,,,,,,,,,,,,,,,,,,,,,,,,,,,,,,,,,,,,,E 550,,,,,,,,,,,,,,,,Kaiser - Frazer,,,,,,,,,,,,,,,,,,,,,,,,,,,,,,,,,,,,,,,,,,,,,,,,,,,,,,,,,,,,,,,,,,,,
,,,,,,,,,,,,,,,,,,,,,,,,,,,,,,,,,,,,,,,,,,,,,,,,,,,,,,,,,,,,,,,,,,,,,,,,,,,,,,,,,,,,,,,,,,,,,,,,,,,,,,,,,,,,,,,,,,,,,,,,,,,,,,,E 60 AMG,,,,,,,,,,,,,,,,Karmann,,,,,,,,,,,,,,,,,,,,,,,,,,,,,,,,,,,,,,,,,,,,,,,,,,,,,,,,,,,,,,,,,,,,
,,,,,,,,,,,,,,,,,,,,,,,,,,,,,,,,,,,,,,,,,,,,,,,,,,,,,,,,,,,,,,,,,,,,,,,,,,,,,,,,,,,,,,,,,,,,,,,,,,,,,,,,,,,,,,,,,,,,,,,,,,,,,,,E 63 AMG,,,,,,,,,,,,,,,,Karmann Ghia,,,,,,,,,,,,,,,,,,,,,,,,,,,,,,,,,,,,,,,,,,,,,,,,,,,,,,,,,,,,,,,,,,,,
,,,,,,,,,,,,,,,,,,,,,,,,,,,,,,,,,,,,,,,,,,,,,,,,,,,,,,,,,,,,,,,,,,,,,,,,,,,,,,,,,,,,,,,,,,,,,,,,,,,,,,,,,,,,,,,,,,,,,,,,,,,,,,,EQC 400,,,,,,,,,,,,,,,,Kelly,,,,,,,,,,,,,,,,,,,,,,,,,,,,,,,,,,,,,,,,,,,,,,,,,,,,,,,,,,,,,,,,,,,,
,,,,,,,,,,,,,,,,,,,,,,,,,,,,,,,,,,,,,,,,,,,,,,,,,,,,,,,,,,,,,,,,,,,,,,,,,,,,,,,,,,,,,,,,,,,,,,,,,,,,,,,,,,,,,,,,,,,,,,,,,,,,,,,EQV 300,,,,,,,,,,,,,,,,Kleinschnittger,,,,,,,,,,,,,,,,,,,,,,,,,,,,,,,,,,,,,,,,,,,,,,,,,,,,,,,,,,,,,,,,,,,,
,,,,,,,,,,,,,,,,,,,,,,,,,,,,,,,,,,,,,,,,,,,,,,,,,,,,,,,,,,,,,,,,,,,,,,,,,,,,,,,,,,,,,,,,,,,,,,,,,,,,,,,,,,,,,,,,,,,,,,,,,,,,,,,G,,,,,,,,,,,,,,,,LMX,,,,,,,,,,,,,,,,,,,,,,,,,,,,,,,,,,,,,,,,,,,,,,,,,,,,,,,,,,,,,,,,,,,,
,,,,,,,,,,,,,,,,,,,,,,,,,,,,,,,,,,,,,,,,,,,,,,,,,,,,,,,,,,,,,,,,,,,,,,,,,,,,,,,,,,,,,,,,,,,,,,,,,,,,,,,,,,,,,,,,,,,,,,,,,,,,,,,G 230,,,,,,,,,,,,,,,,La Licorne,,,,,,,,,,,,,,,,,,,,,,,,,,,,,,,,,,,,,,,,,,,,,,,,,,,,,,,,,,,,,,,,,,,,
,,,,,,,,,,,,,,,,,,,,,,,,,,,,,,,,,,,,,,,,,,,,,,,,,,,,,,,,,,,,,,,,,,,,,,,,,,,,,,,,,,,,,,,,,,,,,,,,,,,,,,,,,,,,,,,,,,,,,,,,,,,,,,,G 240,,,,,,,,,,,,,,,,LaSalle,,,,,,,,,,,,,,,,,,,,,,,,,,,,,,,,,,,,,,,,,,,,,,,,,,,,,,,,,,,,,,,,,,,,
,,,,,,,,,,,,,,,,,,,,,,,,,,,,,,,,,,,,,,,,,,,,,,,,,,,,,,,,,,,,,,,,,,,,,,,,,,,,,,,,,,,,,,,,,,,,,,,,,,,,,,,,,,,,,,,,,,,,,,,,,,,,,,,G 250,,,,,,,,,,,,,,,,Lagonda,,,,,,,,,,,,,,,,,,,,,,,,,,,,,,,,,,,,,,,,,,,,,,,,,,,,,,,,,,,,,,,,,,,,
,,,,,,,,,,,,,,,,,,,,,,,,,,,,,,,,,,,,,,,,,,,,,,,,,,,,,,,,,,,,,,,,,,,,,,,,,,,,,,,,,,,,,,,,,,,,,,,,,,,,,,,,,,,,,,,,,,,,,,,,,,,,,,,G 270,,,,,,,,,,,,,,,,Lamborghini,,,,,,,,,,,,,,,,,,,,,,,,,,,,,,,,,,,,,,,,,,,,,,,,,,,,,,,,,,,,,,,,,,,,
,,,,,,,,,,,,,,,,,,,,,,,,,,,,,,,,,,,,,,,,,,,,,,,,,,,,,,,,,,,,,,,,,,,,,,,,,,,,,,,,,,,,,,,,,,,,,,,,,,,,,,,,,,,,,,,,,,,,,,,,,,,,,,,G 280,,,,,,,,,,,,,,,,Lanchester,,,,,,,,,,,,,,,,,,,,,,,,,,,,,,,,,,,,,,,,,,,,,,,,,,,,,,,,,,,,,,,,,,,,
,,,,,,,,,,,,,,,,,,,,,,,,,,,,,,,,,,,,,,,,,,,,,,,,,,,,,,,,,,,,,,,,,,,,,,,,,,,,,,,,,,,,,,,,,,,,,,,,,,,,,,,,,,,,,,,,,,,,,,,,,,,,,,,G 290,,,,,,,,,,,,,,,,Lancia,,,,,,,,,,,,,,,,,,,,,,,,,,,,,,,,,,,,,,,,,,,,,,,,,,,,,,,,,,,,,,,,,,,,
,,,,,,,,,,,,,,,,,,,,,,,,,,,,,,,,,,,,,,,,,,,,,,,,,,,,,,,,,,,,,,,,,,,,,,,,,,,,,,,,,,,,,,,,,,,,,,,,,,,,,,,,,,,,,,,,,,,,,,,,,,,,,,,G 300,,,,,,,,,,,,,,,,Land Rover,,,,,,,,,,,,,,,,,,,,,,,,,,,,,,,,,,,,,,,,,,,,,,,,,,,,,,,,,,,,,,,,,,,,
,,,,,,,,,,,,,,,,,,,,,,,,,,,,,,,,,,,,,,,,,,,,,,,,,,,,,,,,,,,,,,,,,,,,,,,,,,,,,,,,,,,,,,,,,,,,,,,,,,,,,,,,,,,,,,,,,,,,,,,,,,,,,,,G 320,,,,,,,,,,,,,,,,Lanz,,,,,,,,,,,,,,,,,,,,,,,,,,,,,,,,,,,,,,,,,,,,,,,,,,,,,,,,,,,,,,,,,,,,
,,,,,,,,,,,,,,,,,,,,,,,,,,,,,,,,,,,,,,,,,,,,,,,,,,,,,,,,,,,,,,,,,,,,,,,,,,,,,,,,,,,,,,,,,,,,,,,,,,,,,,,,,,,,,,,,,,,,,,,,,,,,,,,G 350,,,,,,,,,,,,,,,,Lea Francis,,,,,,,,,,,,,,,,,,,,,,,,,,,,,,,,,,,,,,,,,,,,,,,,,,,,,,,,,,,,,,,,,,,,
,,,,,,,,,,,,,,,,,,,,,,,,,,,,,,,,,,,,,,,,,,,,,,,,,,,,,,,,,,,,,,,,,,,,,,,,,,,,,,,,,,,,,,,,,,,,,,,,,,,,,,,,,,,,,,,,,,,,,,,,,,,,,,,G 400,,,,,,,,,,,,,,,,Ligier,,,,,,,,,,,,,,,,,,,,,,,,,,,,,,,,,,,,,,,,,,,,,,,,,,,,,,,,,,,,,,,,,,,,
,,,,,,,,,,,,,,,,,,,,,,,,,,,,,,,,,,,,,,,,,,,,,,,,,,,,,,,,,,,,,,,,,,,,,,,,,,,,,,,,,,,,,,,,,,,,,,,,,,,,,,,,,,,,,,,,,,,,,,,,,,,,,,,G 500,,,,,,,,,,,,,,,,Lincoln,,,,,,,,,,,,,,,,,,,,,,,,,,,,,,,,,,,,,,,,,,,,,,,,,,,,,,,,,,,,,,,,,,,,
,,,,,,,,,,,,,,,,,,,,,,,,,,,,,,,,,,,,,,,,,,,,,,,,,,,,,,,,,,,,,,,,,,,,,,,,,,,,,,,,,,,,,,,,,,,,,,,,,,,,,,,,,,,,,,,,,,,,,,,,,,,,,,,G 55 AMG,,,,,,,,,,,,,,,,Lloyd,,,,,,,,,,,,,,,,,,,,,,,,,,,,,,,,,,,,,,,,,,,,,,,,,,,,,,,,,,,,,,,,,,,,
,,,,,,,,,,,,,,,,,,,,,,,,,,,,,,,,,,,,,,,,,,,,,,,,,,,,,,,,,,,,,,,,,,,,,,,,,,,,,,,,,,,,,,,,,,,,,,,,,,,,,,,,,,,,,,,,,,,,,,,,,,,,,,,G 63 AMG,,,,,,,,,,,,,,,,Lombardi,,,,,,,,,,,,,,,,,,,,,,,,,,,,,,,,,,,,,,,,,,,,,,,,,,,,,,,,,,,,,,,,,,,,
,,,,,,,,,,,,,,,,,,,,,,,,,,,,,,,,,,,,,,,,,,,,,,,,,,,,,,,,,,,,,,,,,,,,,,,,,,,,,,,,,,,,,,,,,,,,,,,,,,,,,,,,,,,,,,,,,,,,,,,,,,,,,,,G 65 AMG,,,,,,,,,,,,,,,,Lorraine Dietrich,,,,,,,,,,,,,,,,,,,,,,,,,,,,,,,,,,,,,,,,,,,,,,,,,,,,,,,,,,,,,,,,,,,,
,,,,,,,,,,,,,,,,,,,,,,,,,,,,,,,,,,,,,,,,,,,,,,,,,,,,,,,,,,,,,,,,,,,,,,,,,,,,,,,,,,,,,,,,,,,,,,,,,,,,,,,,,,,,,,,,,,,,,,,,,,,,,,,G 650,,,,,,,,,,,,,,,,Lotus,,,,,,,,,,,,,,,,,,,,,,,,,,,,,,,,,,,,,,,,,,,,,,,,,,,,,,,,,,,,,,,,,,,,
,,,,,,,,,,,,,,,,,,,,,,,,,,,,,,,,,,,,,,,,,,,,,,,,,,,,,,,,,,,,,,,,,,,,,,,,,,,,,,,,,,,,,,,,,,,,,,,,,,,,,,,,,,,,,,,,,,,,,,,,,,,,,,,GL 320,,,,,,,,,,,,,,,,MAN,,,,,,,,,,,,,,,,,,,,,,,,,,,,,,,,,,,,,,,,,,,,,,,,,,,,,,,,,,,,,,,,,,,,
,,,,,,,,,,,,,,,,,,,,,,,,,,,,,,,,,,,,,,,,,,,,,,,,,,,,,,,,,,,,,,,,,,,,,,,,,,,,,,,,,,,,,,,,,,,,,,,,,,,,,,,,,,,,,,,,,,,,,,,,,,,,,,,GL 350,,,,,,,,,,,,,,,,MG,,,,,,,,,,,,,,,,,,,,,,,,,,,,,,,,,,,,,,,,,,,,,,,,,,,,,,,,,,,,,,,,,,,,
,,,,,,,,,,,,,,,,,,,,,,,,,,,,,,,,,,,,,,,,,,,,,,,,,,,,,,,,,,,,,,,,,,,,,,,,,,,,,,,,,,,,,,,,,,,,,,,,,,,,,,,,,,,,,,,,,,,,,,,,,,,,,,,GL 400,,,,,,,,,,,,,,,,Mack,,,,,,,,,,,,,,,,,,,,,,,,,,,,,,,,,,,,,,,,,,,,,,,,,,,,,,,,,,,,,,,,,,,,
,,,,,,,,,,,,,,,,,,,,,,,,,,,,,,,,,,,,,,,,,,,,,,,,,,,,,,,,,,,,,,,,,,,,,,,,,,,,,,,,,,,,,,,,,,,,,,,,,,,,,,,,,,,,,,,,,,,,,,,,,,,,,,,GL420,,,,,,,,,,,,,,,,Magirus,,,,,,,,,,,,,,,,,,,,,,,,,,,,,,,,,,,,,,,,,,,,,,,,,,,,,,,,,,,,,,,,,,,,
,,,,,,,,,,,,,,,,,,,,,,,,,,,,,,,,,,,,,,,,,,,,,,,,,,,,,,,,,,,,,,,,,,,,,,,,,,,,,,,,,,,,,,,,,,,,,,,,,,,,,,,,,,,,,,,,,,,,,,,,,,,,,,,GL 450,,,,,,,,,,,,,,,,Marauder,,,,,,,,,,,,,,,,,,,,,,,,,,,,,,,,,,,,,,,,,,,,,,,,,,,,,,,,,,,,,,,,,,,,
,,,,,,,,,,,,,,,,,,,,,,,,,,,,,,,,,,,,,,,,,,,,,,,,,,,,,,,,,,,,,,,,,,,,,,,,,,,,,,,,,,,,,,,,,,,,,,,,,,,,,,,,,,,,,,,,,,,,,,,,,,,,,,,GL 500,,,,,,,,,,,,,,,,March,,,,,,,,,,,,,,,,,,,,,,,,,,,,,,,,,,,,,,,,,,,,,,,,,,,,,,,,,,,,,,,,,,,,
,,,,,,,,,,,,,,,,,,,,,,,,,,,,,,,,,,,,,,,,,,,,,,,,,,,,,,,,,,,,,,,,,,,,,,,,,,,,,,,,,,,,,,,,,,,,,,,,,,,,,,,,,,,,,,,,,,,,,,,,,,,,,,,GL 55 AMG,,,,,,,,,,,,,,,,Marcos,,,,,,,,,,,,,,,,,,,,,,,,,,,,,,,,,,,,,,,,,,,,,,,,,,,,,,,,,,,,,,,,,,,,
,,,,,,,,,,,,,,,,,,,,,,,,,,,,,,,,,,,,,,,,,,,,,,,,,,,,,,,,,,,,,,,,,,,,,,,,,,,,,,,,,,,,,,,,,,,,,,,,,,,,,,,,,,,,,,,,,,,,,,,,,,,,,,,GL 63 AMG,,,,,,,,,,,,,,,,Marendaz,,,,,,,,,,,,,,,,,,,,,,,,,,,,,,,,,,,,,,,,,,,,,,,,,,,,,,,,,,,,,,,,,,,,
,,,,,,,,,,,,,,,,,,,,,,,,,,,,,,,,,,,,,,,,,,,,,,,,,,,,,,,,,,,,,,,,,,,,,,,,,,,,,,,,,,,,,,,,,,,,,,,,,,,,,,,,,,,,,,,,,,,,,,,,,,,,,,,GLA 180,,,,,,,,,,,,,,,,Marmon,,,,,,,,,,,,,,,,,,,,,,,,,,,,,,,,,,,,,,,,,,,,,,,,,,,,,,,,,,,,,,,,,,,,
,,,,,,,,,,,,,,,,,,,,,,,,,,,,,,,,,,,,,,,,,,,,,,,,,,,,,,,,,,,,,,,,,,,,,,,,,,,,,,,,,,,,,,,,,,,,,,,,,,,,,,,,,,,,,,,,,,,,,,,,,,,,,,,GLA 200,,,,,,,,,,,,,,,,Maserati,,,,,,,,,,,,,,,,,,,,,,,,,,,,,,,,,,,,,,,,,,,,,,,,,,,,,,,,,,,,,,,,,,,,
,,,,,,,,,,,,,,,,,,,,,,,,,,,,,,,,,,,,,,,,,,,,,,,,,,,,,,,,,,,,,,,,,,,,,,,,,,,,,,,,,,,,,,,,,,,,,,,,,,,,,,,,,,,,,,,,,,,,,,,,,,,,,,,GLA 220,,,,,,,,,,,,,,,,Mathis,,,,,,,,,,,,,,,,,,,,,,,,,,,,,,,,,,,,,,,,,,,,,,,,,,,,,,,,,,,,,,,,,,,,
,,,,,,,,,,,,,,,,,,,,,,,,,,,,,,,,,,,,,,,,,,,,,,,,,,,,,,,,,,,,,,,,,,,,,,,,,,,,,,,,,,,,,,,,,,,,,,,,,,,,,,,,,,,,,,,,,,,,,,,,,,,,,,,GLA 250,,,,,,,,,,,,,,,,Matra,,,,,,,,,,,,,,,,,,,,,,,,,,,,,,,,,,,,,,,,,,,,,,,,,,,,,,,,,,,,,,,,,,,,
,,,,,,,,,,,,,,,,,,,,,,,,,,,,,,,,,,,,,,,,,,,,,,,,,,,,,,,,,,,,,,,,,,,,,,,,,,,,,,,,,,,,,,,,,,,,,,,,,,,,,,,,,,,,,,,,,,,,,,,,,,,,,,,GLA 35 AMG,,,,,,,,,,,,,,,,Maybach,,,,,,,,,,,,,,,,,,,,,,,,,,,,,,,,,,,,,,,,,,,,,,,,,,,,,,,,,,,,,,,,,,,,
,,,,,,,,,,,,,,,,,,,,,,,,,,,,,,,,,,,,,,,,,,,,,,,,,,,,,,,,,,,,,,,,,,,,,,,,,,,,,,,,,,,,,,,,,,,,,,,,,,,,,,,,,,,,,,,,,,,,,,,,,,,,,,,GLA 45 AMG,,,,,,,,,,,,,,,,Mazda,,,,,,,,,,,,,,,,,,,,,,,,,,,,,,,,,,,,,,,,,,,,,,,,,,,,,,,,,,,,,,,,,,,,
,,,,,,,,,,,,,,,,,,,,,,,,,,,,,,,,,,,,,,,,,,,,,,,,,,,,,,,,,,,,,,,,,,,,,,,,,,,,,,,,,,,,,,,,,,,,,,,,,,,,,,,,,,,,,,,,,,,,,,,,,,,,,,,GLB 180,,,,,,,,,,,,,,,,Mercedes Benz,,,,,,,,,,,,,,,,,,,,,,,,,,,,,,,,,,,,,,,,,,,,,,,,,,,,,,,,,,,,,,,,,,,,
,,,,,,,,,,,,,,,,,,,,,,,,,,,,,,,,,,,,,,,,,,,,,,,,,,,,,,,,,,,,,,,,,,,,,,,,,,,,,,,,,,,,,,,,,,,,,,,,,,,,,,,,,,,,,,,,,,,,,,,,,,,,,,,GLB 200,,,,,,,,,,,,,,,,Mercury,,,,,,,,,,,,,,,,,,,,,,,,,,,,,,,,,,,,,,,,,,,,,,,,,,,,,,,,,,,,,,,,,,,,
,,,,,,,,,,,,,,,,,,,,,,,,,,,,,,,,,,,,,,,,,,,,,,,,,,,,,,,,,,,,,,,,,,,,,,,,,,,,,,,,,,,,,,,,,,,,,,,,,,,,,,,,,,,,,,,,,,,,,,,,,,,,,,,GLB 220,,,,,,,,,,,,,,,,Merlin,,,,,,,,,,,,,,,,,,,,,,,,,,,,,,,,,,,,,,,,,,,,,,,,,,,,,,,,,,,,,,,,,,,,
,,,,,,,,,,,,,,,,,,,,,,,,,,,,,,,,,,,,,,,,,,,,,,,,,,,,,,,,,,,,,,,,,,,,,,,,,,,,,,,,,,,,,,,,,,,,,,,,,,,,,,,,,,,,,,,,,,,,,,,,,,,,,,,GLB 250,,,,,,,,,,,,,,,,Messerchmitt,,,,,,,,,,,,,,,,,,,,,,,,,,,,,,,,,,,,,,,,,,,,,,,,,,,,,,,,,,,,,,,,,,,,
,,,,,,,,,,,,,,,,,,,,,,,,,,,,,,,,,,,,,,,,,,,,,,,,,,,,,,,,,,,,,,,,,,,,,,,,,,,,,,,,,,,,,,,,,,,,,,,,,,,,,,,,,,,,,,,,,,,,,,,,,,,,,,,GLB 35 AMG,,,,,,,,,,,,,,,,Metz,,,,,,,,,,,,,,,,,,,,,,,,,,,,,,,,,,,,,,,,,,,,,,,,,,,,,,,,,,,,,,,,,,,,
,,,,,,,,,,,,,,,,,,,,,,,,,,,,,,,,,,,,,,,,,,,,,,,,,,,,,,,,,,,,,,,,,,,,,,,,,,,,,,,,,,,,,,,,,,,,,,,,,,,,,,,,,,,,,,,,,,,,,,,,,,,,,,,GLC 200,,,,,,,,,,,,,,,,Military Veichle,,,,,,,,,,,,,,,,,,,,,,,,,,,,,,,,,,,,,,,,,,,,,,,,,,,,,,,,,,,,,,,,,,,,
,,,,,,,,,,,,,,,,,,,,,,,,,,,,,,,,,,,,,,,,,,,,,,,,,,,,,,,,,,,,,,,,,,,,,,,,,,,,,,,,,,,,,,,,,,,,,,,,,,,,,,,,,,,,,,,,,,,,,,,,,,,,,,,GLC 220,,,,,,,,,,,,,,,,Minerva,,,,,,,,,,,,,,,,,,,,,,,,,,,,,,,,,,,,,,,,,,,,,,,,,,,,,,,,,,,,,,,,,,,,
,,,,,,,,,,,,,,,,,,,,,,,,,,,,,,,,,,,,,,,,,,,,,,,,,,,,,,,,,,,,,,,,,,,,,,,,,,,,,,,,,,,,,,,,,,,,,,,,,,,,,,,,,,,,,,,,,,,,,,,,,,,,,,,GLC 250,,,,,,,,,,,,,,,,Mitsubishi,,,,,,,,,,,,,,,,,,,,,,,,,,,,,,,,,,,,,,,,,,,,,,,,,,,,,,,,,,,,,,,,,,,,
,,,,,,,,,,,,,,,,,,,,,,,,,,,,,,,,,,,,,,,,,,,,,,,,,,,,,,,,,,,,,,,,,,,,,,,,,,,,,,,,,,,,,,,,,,,,,,,,,,,,,,,,,,,,,,,,,,,,,,,,,,,,,,,GLC 300,,,,,,,,,,,,,,,,Monica,,,,,,,,,,,,,,,,,,,,,,,,,,,,,,,,,,,,,,,,,,,,,,,,,,,,,,,,,,,,,,,,,,,,
,,,,,,,,,,,,,,,,,,,,,,,,,,,,,,,,,,,,,,,,,,,,,,,,,,,,,,,,,,,,,,,,,,,,,,,,,,,,,,,,,,,,,,,,,,,,,,,,,,,,,,,,,,,,,,,,,,,,,,,,,,,,,,,GLC 350,,,,,,,,,,,,,,,,Monteverdi,,,,,,,,,,,,,,,,,,,,,,,,,,,,,,,,,,,,,,,,,,,,,,,,,,,,,,,,,,,,,,,,,,,,
,,,,,,,,,,,,,,,,,,,,,,,,,,,,,,,,,,,,,,,,,,,,,,,,,,,,,,,,,,,,,,,,,,,,,,,,,,,,,,,,,,,,,,,,,,,,,,,,,,,,,,,,,,,,,,,,,,,,,,,,,,,,,,,GLC 400,,,,,,,,,,,,,,,,Moretti,,,,,,,,,,,,,,,,,,,,,,,,,,,,,,,,,,,,,,,,,,,,,,,,,,,,,,,,,,,,,,,,,,,,
,,,,,,,,,,,,,,,,,,,,,,,,,,,,,,,,,,,,,,,,,,,,,,,,,,,,,,,,,,,,,,,,,,,,,,,,,,,,,,,,,,,,,,,,,,,,,,,,,,,,,,,,,,,,,,,,,,,,,,,,,,,,,,,GLC 43 AMG,,,,,,,,,,,,,,,,Morgan,,,,,,,,,,,,,,,,,,,,,,,,,,,,,,,,,,,,,,,,,,,,,,,,,,,,,,,,,,,,,,,,,,,,
,,,,,,,,,,,,,,,,,,,,,,,,,,,,,,,,,,,,,,,,,,,,,,,,,,,,,,,,,,,,,,,,,,,,,,,,,,,,,,,,,,,,,,,,,,,,,,,,,,,,,,,,,,,,,,,,,,,,,,,,,,,,,,,GLC 63 AMG,,,,,,,,,,,,,,,,Morgan Darmont,,,,,,,,,,,,,,,,,,,,,,,,,,,,,,,,,,,,,,,,,,,,,,,,,,,,,,,,,,,,,,,,,,,,
,,,,,,,,,,,,,,,,,,,,,,,,,,,,,,,,,,,,,,,,,,,,,,,,,,,,,,,,,,,,,,,,,,,,,,,,,,,,,,,,,,,,,,,,,,,,,,,,,,,,,,,,,,,,,,,,,,,,,,,,,,,,,,,GLE 250,,,,,,,,,,,,,,,,Morris Leon Bolle,,,,,,,,,,,,,,,,,,,,,,,,,,,,,,,,,,,,,,,,,,,,,,,,,,,,,,,,,,,,,,,,,,,,
,,,,,,,,,,,,,,,,,,,,,,,,,,,,,,,,,,,,,,,,,,,,,,,,,,,,,,,,,,,,,,,,,,,,,,,,,,,,,,,,,,,,,,,,,,,,,,,,,,,,,,,,,,,,,,,,,,,,,,,,,,,,,,,GLE 300,,,,,,,,,,,,,,,,Morris Minor,,,,,,,,,,,,,,,,,,,,,,,,,,,,,,,,,,,,,,,,,,,,,,,,,,,,,,,,,,,,,,,,,,,,
,,,,,,,,,,,,,,,,,,,,,,,,,,,,,,,,,,,,,,,,,,,,,,,,,,,,,,,,,,,,,,,,,,,,,,,,,,,,,,,,,,,,,,,,,,,,,,,,,,,,,,,,,,,,,,,,,,,,,,,,,,,,,,,GLE 350,,,,,,,,,,,,,,,,Moskvitch,,,,,,,,,,,,,,,,,,,,,,,,,,,,,,,,,,,,,,,,,,,,,,,,,,,,,,,,,,,,,,,,,,,,
,,,,,,,,,,,,,,,,,,,,,,,,,,,,,,,,,,,,,,,,,,,,,,,,,,,,,,,,,,,,,,,,,,,,,,,,,,,,,,,,,,,,,,,,,,,,,,,,,,,,,,,,,,,,,,,,,,,,,,,,,,,,,,,GLE 400,,,,,,,,,,,,,,,,Motorräder-Bike,,,,,,,,,,,,,,,,,,,,,,,,,,,,,,,,,,,,,,,,,,,,,,,,,,,,,,,,,,,,,,,,,,,,
,,,,,,,,,,,,,,,,,,,,,,,,,,,,,,,,,,,,,,,,,,,,,,,,,,,,,,,,,,,,,,,,,,,,,,,,,,,,,,,,,,,,,,,,,,,,,,,,,,,,,,,,,,,,,,,,,,,,,,,,,,,,,,,GLE 43 AMG,,,,,,,,,,,,,,,,Munga,,,,,,,,,,,,,,,,,,,,,,,,,,,,,,,,,,,,,,,,,,,,,,,,,,,,,,,,,,,,,,,,,,,,
,,,,,,,,,,,,,,,,,,,,,,,,,,,,,,,,,,,,,,,,,,,,,,,,,,,,,,,,,,,,,,,,,,,,,,,,,,,,,,,,,,,,,,,,,,,,,,,,,,,,,,,,,,,,,,,,,,,,,,,,,,,,,,,GLE 450,,,,,,,,,,,,,,,,Muntz,,,,,,,,,,,,,,,,,,,,,,,,,,,,,,,,,,,,,,,,,,,,,,,,,,,,,,,,,,,,,,,,,,,,
,,,,,,,,,,,,,,,,,,,,,,,,,,,,,,,,,,,,,,,,,,,,,,,,,,,,,,,,,,,,,,,,,,,,,,,,,,,,,,,,,,,,,,,,,,,,,,,,,,,,,,,,,,,,,,,,,,,,,,,,,,,,,,,GLE 500,,,,,,,,,,,,,,,,NSU,,,,,,,,,,,,,,,,,,,,,,,,,,,,,,,,,,,,,,,,,,,,,,,,,,,,,,,,,,,,,,,,,,,,
,,,,,,,,,,,,,,,,,,,,,,,,,,,,,,,,,,,,,,,,,,,,,,,,,,,,,,,,,,,,,,,,,,,,,,,,,,,,,,,,,,,,,,,,,,,,,,,,,,,,,,,,,,,,,,,,,,,,,,,,,,,,,,,GLE 53 AMG,,,,,,,,,,,,,,,,Nash,,,,,,,,,,,,,,,,,,,,,,,,,,,,,,,,,,,,,,,,,,,,,,,,,,,,,,,,,,,,,,,,,,,,
,,,,,,,,,,,,,,,,,,,,,,,,,,,,,,,,,,,,,,,,,,,,,,,,,,,,,,,,,,,,,,,,,,,,,,,,,,,,,,,,,,,,,,,,,,,,,,,,,,,,,,,,,,,,,,,,,,,,,,,,,,,,,,,GLE 580,,,,,,,,,,,,,,,,Nissan,,,,,,,,,,,,,,,,,,,,,,,,,,,,,,,,,,,,,,,,,,,,,,,,,,,,,,,,,,,,,,,,,,,,
,,,,,,,,,,,,,,,,,,,,,,,,,,,,,,,,,,,,,,,,,,,,,,,,,,,,,,,,,,,,,,,,,,,,,,,,,,,,,,,,,,,,,,,,,,,,,,,,,,,,,,,,,,,,,,,,,,,,,,,,,,,,,,,GLE 63 AMG,,,,,,,,,,,,,,,,OM,,,,,,,,,,,,,,,,,,,,,,,,,,,,,,,,,,,,,,,,,,,,,,,,,,,,,,,,,,,,,,,,,,,,
,,,,,,,,,,,,,,,,,,,,,,,,,,,,,,,,,,,,,,,,,,,,,,,,,,,,,,,,,,,,,,,,,,,,,,,,,,,,,,,,,,,,,,,,,,,,,,,,,,,,,,,,,,,,,,,,,,,,,,,,,,,,,,,GLK 200,,,,,,,,,,,,,,,,Ogle,,,,,,,,,,,,,,,,,,,,,,,,,,,,,,,,,,,,,,,,,,,,,,,,,,,,,,,,,,,,,,,,,,,,
,,,,,,,,,,,,,,,,,,,,,,,,,,,,,,,,,,,,,,,,,,,,,,,,,,,,,,,,,,,,,,,,,,,,,,,,,,,,,,,,,,,,,,,,,,,,,,,,,,,,,,,,,,,,,,,,,,,,,,,,,,,,,,,GLK 220,,,,,,,,,,,,,,,,Oldsmobile,,,,,,,,,,,,,,,,,,,,,,,,,,,,,,,,,,,,,,,,,,,,,,,,,,,,,,,,,,,,,,,,,,,,
,,,,,,,,,,,,,,,,,,,,,,,,,,,,,,,,,,,,,,,,,,,,,,,,,,,,,,,,,,,,,,,,,,,,,,,,,,,,,,,,,,,,,,,,,,,,,,,,,,,,,,,,,,,,,,,,,,,,,,,,,,,,,,,GLK 250,,,,,,,,,,,,,,,,Opel,,,,,,,,,,,,,,,,,,,,,,,,,,,,,,,,,,,,,,,,,,,,,,,,,,,,,,,,,,,,,,,,,,,,
,,,,,,,,,,,,,,,,,,,,,,,,,,,,,,,,,,,,,,,,,,,,,,,,,,,,,,,,,,,,,,,,,,,,,,,,,,,,,,,,,,,,,,,,,,,,,,,,,,,,,,,,,,,,,,,,,,,,,,,,,,,,,,,GLK 280,,,,,,,,,,,,,,,,Osca,,,,,,,,,,,,,,,,,,,,,,,,,,,,,,,,,,,,,,,,,,,,,,,,,,,,,,,,,,,,,,,,,,,,
,,,,,,,,,,,,,,,,,,,,,,,,,,,,,,,,,,,,,,,,,,,,,,,,,,,,,,,,,,,,,,,,,,,,,,,,,,,,,,,,,,,,,,,,,,,,,,,,,,,,,,,,,,,,,,,,,,,,,,,,,,,,,,,GLK 300,,,,,,,,,,,,,,,,Overland,,,,,,,,,,,,,,,,,,,,,,,,,,,,,,,,,,,,,,,,,,,,,,,,,,,,,,,,,,,,,,,,,,,,
,,,,,,,,,,,,,,,,,,,,,,,,,,,,,,,,,,,,,,,,,,,,,,,,,,,,,,,,,,,,,,,,,,,,,,,,,,,,,,,,,,,,,,,,,,,,,,,,,,,,,,,,,,,,,,,,,,,,,,,,,,,,,,,GLK 320,,,,,,,,,,,,,,,,Packard,,,,,,,,,,,,,,,,,,,,,,,,,,,,,,,,,,,,,,,,,,,,,,,,,,,,,,,,,,,,,,,,,,,,
,,,,,,,,,,,,,,,,,,,,,,,,,,,,,,,,,,,,,,,,,,,,,,,,,,,,,,,,,,,,,,,,,,,,,,,,,,,,,,,,,,,,,,,,,,,,,,,,,,,,,,,,,,,,,,,,,,,,,,,,,,,,,,,GLK 350,,,,,,,,,,,,,,,,Panhard,,,,,,,,,,,,,,,,,,,,,,,,,,,,,,,,,,,,,,,,,,,,,,,,,,,,,,,,,,,,,,,,,,,,
,,,,,,,,,,,,,,,,,,,,,,,,,,,,,,,,,,,,,,,,,,,,,,,,,,,,,,,,,,,,,,,,,,,,,,,,,,,,,,,,,,,,,,,,,,,,,,,,,,,,,,,,,,,,,,,,,,,,,,,,,,,,,,,GLS 350,,,,,,,,,,,,,,,,Panther,,,,,,,,,,,,,,,,,,,,,,,,,,,,,,,,,,,,,,,,,,,,,,,,,,,,,,,,,,,,,,,,,,,,
,,,,,,,,,,,,,,,,,,,,,,,,,,,,,,,,,,,,,,,,,,,,,,,,,,,,,,,,,,,,,,,,,,,,,,,,,,,,,,,,,,,,,,,,,,,,,,,,,,,,,,,,,,,,,,,,,,,,,,,,,,,,,,,GLS 400,,,,,,,,,,,,,,,,Paterson,,,,,,,,,,,,,,,,,,,,,,,,,,,,,,,,,,,,,,,,,,,,,,,,,,,,,,,,,,,,,,,,,,,,
,,,,,,,,,,,,,,,,,,,,,,,,,,,,,,,,,,,,,,,,,,,,,,,,,,,,,,,,,,,,,,,,,,,,,,,,,,,,,,,,,,,,,,,,,,,,,,,,,,,,,,,,,,,,,,,,,,,,,,,,,,,,,,,GLS 450,,,,,,,,,,,,,,,,Peerless,,,,,,,,,,,,,,,,,,,,,,,,,,,,,,,,,,,,,,,,,,,,,,,,,,,,,,,,,,,,,,,,,,,,
,,,,,,,,,,,,,,,,,,,,,,,,,,,,,,,,,,,,,,,,,,,,,,,,,,,,,,,,,,,,,,,,,,,,,,,,,,,,,,,,,,,,,,,,,,,,,,,,,,,,,,,,,,,,,,,,,,,,,,,,,,,,,,,GLS 500,,,,,,,,,,,,,,,,Pegaso,,,,,,,,,,,,,,,,,,,,,,,,,,,,,,,,,,,,,,,,,,,,,,,,,,,,,,,,,,,,,,,,,,,,
,,,,,,,,,,,,,,,,,,,,,,,,,,,,,,,,,,,,,,,,,,,,,,,,,,,,,,,,,,,,,,,,,,,,,,,,,,,,,,,,,,,,,,,,,,,,,,,,,,,,,,,,,,,,,,,,,,,,,,,,,,,,,,,GLS 580,,,,,,,,,,,,,,,,Peugeot,,,,,,,,,,,,,,,,,,,,,,,,,,,,,,,,,,,,,,,,,,,,,,,,,,,,,,,,,,,,,,,,,,,,
,,,,,,,,,,,,,,,,,,,,,,,,,,,,,,,,,,,,,,,,,,,,,,,,,,,,,,,,,,,,,,,,,,,,,,,,,,,,,,,,,,,,,,,,,,,,,,,,,,,,,,,,,,,,,,,,,,,,,,,,,,,,,,,GLS 600,,,,,,,,,,,,,,,,Pierce Arrow,,,,,,,,,,,,,,,,,,,,,,,,,,,,,,,,,,,,,,,,,,,,,,,,,,,,,,,,,,,,,,,,,,,,
,,,,,,,,,,,,,,,,,,,,,,,,,,,,,,,,,,,,,,,,,,,,,,,,,,,,,,,,,,,,,,,,,,,,,,,,,,,,,,,,,,,,,,,,,,,,,,,,,,,,,,,,,,,,,,,,,,,,,,,,,,,,,,,GLS 63 AMG,,,,,,,,,,,,,,,,Pontiac,,,,,,,,,,,,,,,,,,,,,,,,,,,,,,,,,,,,,,,,,,,,,,,,,,,,,,,,,,,,,,,,,,,,
,,,,,,,,,,,,,,,,,,,,,,,,,,,,,,,,,,,,,,,,,,,,,,,,,,,,,,,,,,,,,,,,,,,,,,,,,,,,,,,,,,,,,,,,,,,,,,,,,,,,,,,,,,,,,,,,,,,,,,,,,,,,,,,Marco Polo,,,,,,,,,,,,,,,,Porsche,,,,,,,,,,,,,,,,,,,,,,,,,,,,,,,,,,,,,,,,,,,,,,,,,,,,,,,,,,,,,,,,,,,,
,,,,,,,,,,,,,,,,,,,,,,,,,,,,,,,,,,,,,,,,,,,,,,,,,,,,,,,,,,,,,,,,,,,,,,,,,,,,,,,,,,,,,,,,,,,,,,,,,,,,,,,,,,,,,,,,,,,,,,,,,,,,,,,MB 100,,,,,,,,,,,,,,,,Puch,,,,,,,,,,,,,,,,,,,,,,,,,,,,,,,,,,,,,,,,,,,,,,,,,,,,,,,,,,,,,,,,,,,,
,,,,,,,,,,,,,,,,,,,,,,,,,,,,,,,,,,,,,,,,,,,,,,,,,,,,,,,,,,,,,,,,,,,,,,,,,,,,,,,,,,,,,,,,,,,,,,,,,,,,,,,,,,,,,,,,,,,,,,,,,,,,,,,ML 270,,,,,,,,,,,,,,,,Puma,,,,,,,,,,,,,,,,,,,,,,,,,,,,,,,,,,,,,,,,,,,,,,,,,,,,,,,,,,,,,,,,,,,,
,,,,,,,,,,,,,,,,,,,,,,,,,,,,,,,,,,,,,,,,,,,,,,,,,,,,,,,,,,,,,,,,,,,,,,,,,,,,,,,,,,,,,,,,,,,,,,,,,,,,,,,,,,,,,,,,,,,,,,,,,,,,,,,ML 280,,,,,,,,,,,,,,,,Rambler,,,,,,,,,,,,,,,,,,,,,,,,,,,,,,,,,,,,,,,,,,,,,,,,,,,,,,,,,,,,,,,,,,,,
,,,,,,,,,,,,,,,,,,,,,,,,,,,,,,,,,,,,,,,,,,,,,,,,,,,,,,,,,,,,,,,,,,,,,,,,,,,,,,,,,,,,,,,,,,,,,,,,,,,,,,,,,,,,,,,,,,,,,,,,,,,,,,,ML 300,,,,,,,,,,,,,,,,Reliant,,,,,,,,,,,,,,,,,,,,,,,,,,,,,,,,,,,,,,,,,,,,,,,,,,,,,,,,,,,,,,,,,,,,
,,,,,,,,,,,,,,,,,,,,,,,,,,,,,,,,,,,,,,,,,,,,,,,,,,,,,,,,,,,,,,,,,,,,,,,,,,,,,,,,,,,,,,,,,,,,,,,,,,,,,,,,,,,,,,,,,,,,,,,,,,,,,,,ML 320,,,,,,,,,,,,,,,,RenT Bonnet,,,,,,,,,,,,,,,,,,,,,,,,,,,,,,,,,,,,,,,,,,,,,,,,,,,,,,,,,,,,,,,,,,,,
,,,,,,,,,,,,,,,,,,,,,,,,,,,,,,,,,,,,,,,,,,,,,,,,,,,,,,,,,,,,,,,,,,,,,,,,,,,,,,,,,,,,,,,,,,,,,,,,,,,,,,,,,,,,,,,,,,,,,,,,,,,,,,,ML 350,,,,,,,,,,,,,,,,Renault,,,,,,,,,,,,,,,,,,,,,,,,,,,,,,,,,,,,,,,,,,,,,,,,,,,,,,,,,,,,,,,,,,,,
,,,,,,,,,,,,,,,,,,,,,,,,,,,,,,,,,,,,,,,,,,,,,,,,,,,,,,,,,,,,,,,,,,,,,,,,,,,,,,,,,,,,,,,,,,,,,,,,,,,,,,,,,,,,,,,,,,,,,,,,,,,,,,,ML 400,,,,,,,,,,,,,,,,Republic,,,,,,,,,,,,,,,,,,,,,,,,,,,,,,,,,,,,,,,,,,,,,,,,,,,,,,,,,,,,,,,,,,,,
,,,,,,,,,,,,,,,,,,,,,,,,,,,,,,,,,,,,,,,,,,,,,,,,,,,,,,,,,,,,,,,,,,,,,,,,,,,,,,,,,,,,,,,,,,,,,,,,,,,,,,,,,,,,,,,,,,,,,,,,,,,,,,,ML 420,,,,,,,,,,,,,,,,Riley,,,,,,,,,,,,,,,,,,,,,,,,,,,,,,,,,,,,,,,,,,,,,,,,,,,,,,,,,,,,,,,,,,,,
,,,,,,,,,,,,,,,,,,,,,,,,,,,,,,,,,,,,,,,,,,,,,,,,,,,,,,,,,,,,,,,,,,,,,,,,,,,,,,,,,,,,,,,,,,,,,,,,,,,,,,,,,,,,,,,,,,,,,,,,,,,,,,,ML 430,,,,,,,,,,,,,,,,Rolls Royce,,,,,,,,,,,,,,,,,,,,,,,,,,,,,,,,,,,,,,,,,,,,,,,,,,,,,,,,,,,,,,,,,,,,
,,,,,,,,,,,,,,,,,,,,,,,,,,,,,,,,,,,,,,,,,,,,,,,,,,,,,,,,,,,,,,,,,,,,,,,,,,,,,,,,,,,,,,,,,,,,,,,,,,,,,,,,,,,,,,,,,,,,,,,,,,,,,,,ML 450,,,,,,,,,,,,,,,,Rosengart,,,,,,,,,,,,,,,,,,,,,,,,,,,,,,,,,,,,,,,,,,,,,,,,,,,,,,,,,,,,,,,,,,,,
,,,,,,,,,,,,,,,,,,,,,,,,,,,,,,,,,,,,,,,,,,,,,,,,,,,,,,,,,,,,,,,,,,,,,,,,,,,,,,,,,,,,,,,,,,,,,,,,,,,,,,,,,,,,,,,,,,,,,,,,,,,,,,,ML 500,,,,,,,,,,,,,,,,Rotus,,,,,,,,,,,,,,,,,,,,,,,,,,,,,,,,,,,,,,,,,,,,,,,,,,,,,,,,,,,,,,,,,,,,
,,,,,,,,,,,,,,,,,,,,,,,,,,,,,,,,,,,,,,,,,,,,,,,,,,,,,,,,,,,,,,,,,,,,,,,,,,,,,,,,,,,,,,,,,,,,,,,,,,,,,,,,,,,,,,,,,,,,,,,,,,,,,,,ML 55 AMG,,,,,,,,,,,,,,,,Roush,,,,,,,,,,,,,,,,,,,,,,,,,,,,,,,,,,,,,,,,,,,,,,,,,,,,,,,,,,,,,,,,,,,,
,,,,,,,,,,,,,,,,,,,,,,,,,,,,,,,,,,,,,,,,,,,,,,,,,,,,,,,,,,,,,,,,,,,,,,,,,,,,,,,,,,,,,,,,,,,,,,,,,,,,,,,,,,,,,,,,,,,,,,,,,,,,,,,ML 63 AMG,,,,,,,,,,,,,,,,Rover,,,,,,,,,,,,,,,,,,,,,,,,,,,,,,,,,,,,,,,,,,,,,,,,,,,,,,,,,,,,,,,,,,,,
,,,,,,,,,,,,,,,,,,,,,,,,,,,,,,,,,,,,,,,,,,,,,,,,,,,,,,,,,,,,,,,,,,,,,,,,,,,,,,,,,,,,,,,,,,,,,,,,,,,,,,,,,,,,,,,,,,,,,,,,,,,,,,,R 280,,,,,,,,,,,,,,,,Rovin,,,,,,,,,,,,,,,,,,,,,,,,,,,,,,,,,,,,,,,,,,,,,,,,,,,,,,,,,,,,,,,,,,,,
,,,,,,,,,,,,,,,,,,,,,,,,,,,,,,,,,,,,,,,,,,,,,,,,,,,,,,,,,,,,,,,,,,,,,,,,,,,,,,,,,,,,,,,,,,,,,,,,,,,,,,,,,,,,,,,,,,,,,,,,,,,,,,,R 300,,,,,,,,,,,,,,,,Saab,,,,,,,,,,,,,,,,,,,,,,,,,,,,,,,,,,,,,,,,,,,,,,,,,,,,,,,,,,,,,,,,,,,,
,,,,,,,,,,,,,,,,,,,,,,,,,,,,,,,,,,,,,,,,,,,,,,,,,,,,,,,,,,,,,,,,,,,,,,,,,,,,,,,,,,,,,,,,,,,,,,,,,,,,,,,,,,,,,,,,,,,,,,,,,,,,,,,R 320,,,,,,,,,,,,,,,,Salmson,,,,,,,,,,,,,,,,,,,,,,,,,,,,,,,,,,,,,,,,,,,,,,,,,,,,,,,,,,,,,,,,,,,,
,,,,,,,,,,,,,,,,,,,,,,,,,,,,,,,,,,,,,,,,,,,,,,,,,,,,,,,,,,,,,,,,,,,,,,,,,,,,,,,,,,,,,,,,,,,,,,,,,,,,,,,,,,,,,,,,,,,,,,,,,,,,,,,R 350,,,,,,,,,,,,,,,,Saurer,,,,,,,,,,,,,,,,,,,,,,,,,,,,,,,,,,,,,,,,,,,,,,,,,,,,,,,,,,,,,,,,,,,,
,,,,,,,,,,,,,,,,,,,,,,,,,,,,,,,,,,,,,,,,,,,,,,,,,,,,,,,,,,,,,,,,,,,,,,,,,,,,,,,,,,,,,,,,,,,,,,,,,,,,,,,,,,,,,,,,,,,,,,,,,,,,,,,R 500,,,,,,,,,,,,,,,,Seat,,,,,,,,,,,,,,,,,,,,,,,,,,,,,,,,,,,,,,,,,,,,,,,,,,,,,,,,,,,,,,,,,,,,
,,,,,,,,,,,,,,,,,,,,,,,,,,,,,,,,,,,,,,,,,,,,,,,,,,,,,,,,,,,,,,,,,,,,,,,,,,,,,,,,,,,,,,,,,,,,,,,,,,,,,,,,,,,,,,,,,,,,,,,,,,,,,,,R 63 AMG,,,,,,,,,,,,,,,,Sebring,,,,,,,,,,,,,,,,,,,,,,,,,,,,,,,,,,,,,,,,,,,,,,,,,,,,,,,,,,,,,,,,,,,,
,,,,,,,,,,,,,,,,,,,,,,,,,,,,,,,,,,,,,,,,,,,,,,,,,,,,,,,,,,,,,,,,,,,,,,,,,,,,,,,,,,,,,,,,,,,,,,,,,,,,,,,,,,,,,,,,,,,,,,,,,,,,,,,S 250,,,,,,,,,,,,,,,,Setra,,,,,,,,,,,,,,,,,,,,,,,,,,,,,,,,,,,,,,,,,,,,,,,,,,,,,,,,,,,,,,,,,,,,
,,,,,,,,,,,,,,,,,,,,,,,,,,,,,,,,,,,,,,,,,,,,,,,,,,,,,,,,,,,,,,,,,,,,,,,,,,,,,,,,,,,,,,,,,,,,,,,,,,,,,,,,,,,,,,,,,,,,,,,,,,,,,,,S 260,,,,,,,,,,,,,,,,Shelby,,,,,,,,,,,,,,,,,,,,,,,,,,,,,,,,,,,,,,,,,,,,,,,,,,,,,,,,,,,,,,,,,,,,
,,,,,,,,,,,,,,,,,,,,,,,,,,,,,,,,,,,,,,,,,,,,,,,,,,,,,,,,,,,,,,,,,,,,,,,,,,,,,,,,,,,,,,,,,,,,,,,,,,,,,,,,,,,,,,,,,,,,,,,,,,,,,,,S 280,,,,,,,,,,,,,,,,Shores,,,,,,,,,,,,,,,,,,,,,,,,,,,,,,,,,,,,,,,,,,,,,,,,,,,,,,,,,,,,,,,,,,,,
,,,,,,,,,,,,,,,,,,,,,,,,,,,,,,,,,,,,,,,,,,,,,,,,,,,,,,,,,,,,,,,,,,,,,,,,,,,,,,,,,,,,,,,,,,,,,,,,,,,,,,,,,,,,,,,,,,,,,,,,,,,,,,,S 300,,,,,,,,,,,,,,,,Siata,,,,,,,,,,,,,,,,,,,,,,,,,,,,,,,,,,,,,,,,,,,,,,,,,,,,,,,,,,,,,,,,,,,,
,,,,,,,,,,,,,,,,,,,,,,,,,,,,,,,,,,,,,,,,,,,,,,,,,,,,,,,,,,,,,,,,,,,,,,,,,,,,,,,,,,,,,,,,,,,,,,,,,,,,,,,,,,,,,,,,,,,,,,,,,,,,,,,S 320,,,,,,,,,,,,,,,,Simca,,,,,,,,,,,,,,,,,,,,,,,,,,,,,,,,,,,,,,,,,,,,,,,,,,,,,,,,,,,,,,,,,,,,
,,,,,,,,,,,,,,,,,,,,,,,,,,,,,,,,,,,,,,,,,,,,,,,,,,,,,,,,,,,,,,,,,,,,,,,,,,,,,,,,,,,,,,,,,,,,,,,,,,,,,,,,,,,,,,,,,,,,,,,,,,,,,,,S 350,,,,,,,,,,,,,,,,Skoda,,,,,,,,,,,,,,,,,,,,,,,,,,,,,,,,,,,,,,,,,,,,,,,,,,,,,,,,,,,,,,,,,,,,
,,,,,,,,,,,,,,,,,,,,,,,,,,,,,,,,,,,,,,,,,,,,,,,,,,,,,,,,,,,,,,,,,,,,,,,,,,,,,,,,,,,,,,,,,,,,,,,,,,,,,,,,,,,,,,,,,,,,,,,,,,,,,,,S 400,,,,,,,,,,,,,,,,Spartan,,,,,,,,,,,,,,,,,,,,,,,,,,,,,,,,,,,,,,,,,,,,,,,,,,,,,,,,,,,,,,,,,,,,
,,,,,,,,,,,,,,,,,,,,,,,,,,,,,,,,,,,,,,,,,,,,,,,,,,,,,,,,,,,,,,,,,,,,,,,,,,,,,,,,,,,,,,,,,,,,,,,,,,,,,,,,,,,,,,,,,,,,,,,,,,,,,,,S 420,,,,,,,,,,,,,,,,Spitzer,,,,,,,,,,,,,,,,,,,,,,,,,,,,,,,,,,,,,,,,,,,,,,,,,,,,,,,,,,,,,,,,,,,,
,,,,,,,,,,,,,,,,,,,,,,,,,,,,,,,,,,,,,,,,,,,,,,,,,,,,,,,,,,,,,,,,,,,,,,,,,,,,,,,,,,,,,,,,,,,,,,,,,,,,,,,,,,,,,,,,,,,,,,,,,,,,,,,S 430,,,,,,,,,,,,,,,,Standard,,,,,,,,,,,,,,,,,,,,,,,,,,,,,,,,,,,,,,,,,,,,,,,,,,,,,,,,,,,,,,,,,,,,
,,,,,,,,,,,,,,,,,,,,,,,,,,,,,,,,,,,,,,,,,,,,,,,,,,,,,,,,,,,,,,,,,,,,,,,,,,,,,,,,,,,,,,,,,,,,,,,,,,,,,,,,,,,,,,,,,,,,,,,,,,,,,,,S 450 ,,,,,,,,,,,,,,,,Stephens,,,,,,,,,,,,,,,,,,,,,,,,,,,,,,,,,,,,,,,,,,,,,,,,,,,,,,,,,,,,,,,,,,,,
,,,,,,,,,,,,,,,,,,,,,,,,,,,,,,,,,,,,,,,,,,,,,,,,,,,,,,,,,,,,,,,,,,,,,,,,,,,,,,,,,,,,,,,,,,,,,,,,,,,,,,,,,,,,,,,,,,,,,,,,,,,,,,,S 500,,,,,,,,,,,,,,,,Steyr,,,,,,,,,,,,,,,,,,,,,,,,,,,,,,,,,,,,,,,,,,,,,,,,,,,,,,,,,,,,,,,,,,,,
,,,,,,,,,,,,,,,,,,,,,,,,,,,,,,,,,,,,,,,,,,,,,,,,,,,,,,,,,,,,,,,,,,,,,,,,,,,,,,,,,,,,,,,,,,,,,,,,,,,,,,,,,,,,,,,,,,,,,,,,,,,,,,,S 55 AMG,,,,,,,,,,,,,,,,Studebaker,,,,,,,,,,,,,,,,,,,,,,,,,,,,,,,,,,,,,,,,,,,,,,,,,,,,,,,,,,,,,,,,,,,,
,,,,,,,,,,,,,,,,,,,,,,,,,,,,,,,,,,,,,,,,,,,,,,,,,,,,,,,,,,,,,,,,,,,,,,,,,,,,,,,,,,,,,,,,,,,,,,,,,,,,,,,,,,,,,,,,,,,,,,,,,,,,,,,S 550,,,,,,,,,,,,,,,,Stutz,,,,,,,,,,,,,,,,,,,,,,,,,,,,,,,,,,,,,,,,,,,,,,,,,,,,,,,,,,,,,,,,,,,,
,,,,,,,,,,,,,,,,,,,,,,,,,,,,,,,,,,,,,,,,,,,,,,,,,,,,,,,,,,,,,,,,,,,,,,,,,,,,,,,,,,,,,,,,,,,,,,,,,,,,,,,,,,,,,,,,,,,,,,,,,,,,,,,S 560,,,,,,,,,,,,,,,,Subaru,,,,,,,,,,,,,,,,,,,,,,,,,,,,,,,,,,,,,,,,,,,,,,,,,,,,,,,,,,,,,,,,,,,,
,,,,,,,,,,,,,,,,,,,,,,,,,,,,,,,,,,,,,,,,,,,,,,,,,,,,,,,,,,,,,,,,,,,,,,,,,,,,,,,,,,,,,,,,,,,,,,,,,,,,,,,,,,,,,,,,,,,,,,,,,,,,,,,S 600,,,,,,,,,,,,,,,,Sunbeam,,,,,,,,,,,,,,,,,,,,,,,,,,,,,,,,,,,,,,,,,,,,,,,,,,,,,,,,,,,,,,,,,,,,
,,,,,,,,,,,,,,,,,,,,,,,,,,,,,,,,,,,,,,,,,,,,,,,,,,,,,,,,,,,,,,,,,,,,,,,,,,,,,,,,,,,,,,,,,,,,,,,,,,,,,,,,,,,,,,,,,,,,,,,,,,,,,,,S 63 AMG,,,,,,,,,,,,,,,,TVR,,,,,,,,,,,,,,,,,,,,,,,,,,,,,,,,,,,,,,,,,,,,,,,,,,,,,,,,,,,,,,,,,,,,
,,,,,,,,,,,,,,,,,,,,,,,,,,,,,,,,,,,,,,,,,,,,,,,,,,,,,,,,,,,,,,,,,,,,,,,,,,,,,,,,,,,,,,,,,,,,,,,,,,,,,,,,,,,,,,,,,,,,,,,,,,,,,,,S 65 AMG,,,,,,,,,,,,,,,,Talbot,,,,,,,,,,,,,,,,,,,,,,,,,,,,,,,,,,,,,,,,,,,,,,,,,,,,,,,,,,,,,,,,,,,,
,,,,,,,,,,,,,,,,,,,,,,,,,,,,,,,,,,,,,,,,,,,,,,,,,,,,,,,,,,,,,,,,,,,,,,,,,,,,,,,,,,,,,,,,,,,,,,,,,,,,,,,,,,,,,,,,,,,,,,,,,,,,,,,S 650,,,,,,,,,,,,,,,,Tatra,,,,,,,,,,,,,,,,,,,,,,,,,,,,,,,,,,,,,,,,,,,,,,,,,,,,,,,,,,,,,,,,,,,,
,,,,,,,,,,,,,,,,,,,,,,,,,,,,,,,,,,,,,,,,,,,,,,,,,,,,,,,,,,,,,,,,,,,,,,,,,,,,,,,,,,,,,,,,,,,,,,,,,,,,,,,,,,,,,,,,,,,,,,,,,,,,,,,SL 230,,,,,,,,,,,,,,,,Tempo,,,,,,,,,,,,,,,,,,,,,,,,,,,,,,,,,,,,,,,,,,,,,,,,,,,,,,,,,,,,,,,,,,,,
,,,,,,,,,,,,,,,,,,,,,,,,,,,,,,,,,,,,,,,,,,,,,,,,,,,,,,,,,,,,,,,,,,,,,,,,,,,,,,,,,,,,,,,,,,,,,,,,,,,,,,,,,,,,,,,,,,,,,,,,,,,,,,,SL 250,,,,,,,,,,,,,,,,Toyota,,,,,,,,,,,,,,,,,,,,,,,,,,,,,,,,,,,,,,,,,,,,,,,,,,,,,,,,,,,,,,,,,,,,
,,,,,,,,,,,,,,,,,,,,,,,,,,,,,,,,,,,,,,,,,,,,,,,,,,,,,,,,,,,,,,,,,,,,,,,,,,,,,,,,,,,,,,,,,,,,,,,,,,,,,,,,,,,,,,,,,,,,,,,,,,,,,,,SL 280,,,,,,,,,,,,,,,,Trabant,,,,,,,,,,,,,,,,,,,,,,,,,,,,,,,,,,,,,,,,,,,,,,,,,,,,,,,,,,,,,,,,,,,,
,,,,,,,,,,,,,,,,,,,,,,,,,,,,,,,,,,,,,,,,,,,,,,,,,,,,,,,,,,,,,,,,,,,,,,,,,,,,,,,,,,,,,,,,,,,,,,,,,,,,,,,,,,,,,,,,,,,,,,,,,,,,,,,SL 300,,,,,,,,,,,,,,,,Tractor,,,,,,,,,,,,,,,,,,,,,,,,,,,,,,,,,,,,,,,,,,,,,,,,,,,,,,,,,,,,,,,,,,,,
,,,,,,,,,,,,,,,,,,,,,,,,,,,,,,,,,,,,,,,,,,,,,,,,,,,,,,,,,,,,,,,,,,,,,,,,,,,,,,,,,,,,,,,,,,,,,,,,,,,,,,,,,,,,,,,,,,,,,,,,,,,,,,,SL 320,,,,,,,,,,,,,,,,Trident,,,,,,,,,,,,,,,,,,,,,,,,,,,,,,,,,,,,,,,,,,,,,,,,,,,,,,,,,,,,,,,,,,,,
,,,,,,,,,,,,,,,,,,,,,,,,,,,,,,,,,,,,,,,,,,,,,,,,,,,,,,,,,,,,,,,,,,,,,,,,,,,,,,,,,,,,,,,,,,,,,,,,,,,,,,,,,,,,,,,,,,,,,,,,,,,,,,,SL 350,,,,,,,,,,,,,,,,Triumph,,,,,,,,,,,,,,,,,,,,,,,,,,,,,,,,,,,,,,,,,,,,,,,,,,,,,,,,,,,,,,,,,,,,
,,,,,,,,,,,,,,,,,,,,,,,,,,,,,,,,,,,,,,,,,,,,,,,,,,,,,,,,,,,,,,,,,,,,,,,,,,,,,,,,,,,,,,,,,,,,,,,,,,,,,,,,,,,,,,,,,,,,,,,,,,,,,,,SL 380,,,,,,,,,,,,,,,,Tucker,,,,,,,,,,,,,,,,,,,,,,,,,,,,,,,,,,,,,,,,,,,,,,,,,,,,,,,,,,,,,,,,,,,,
,,,,,,,,,,,,,,,,,,,,,,,,,,,,,,,,,,,,,,,,,,,,,,,,,,,,,,,,,,,,,,,,,,,,,,,,,,,,,,,,,,,,,,,,,,,,,,,,,,,,,,,,,,,,,,,,,,,,,,,,,,,,,,,SL 400,,,,,,,,,,,,,,,,Turner,,,,,,,,,,,,,,,,,,,,,,,,,,,,,,,,,,,,,,,,,,,,,,,,,,,,,,,,,,,,,,,,,,,,
,,,,,,,,,,,,,,,,,,,,,,,,,,,,,,,,,,,,,,,,,,,,,,,,,,,,,,,,,,,,,,,,,,,,,,,,,,,,,,,,,,,,,,,,,,,,,,,,,,,,,,,,,,,,,,,,,,,,,,,,,,,,,,,SL 420,,,,,,,,,,,,,,,,Uaz,,,,,,,,,,,,,,,,,,,,,,,,,,,,,,,,,,,,,,,,,,,,,,,,,,,,,,,,,,,,,,,,,,,,
,,,,,,,,,,,,,,,,,,,,,,,,,,,,,,,,,,,,,,,,,,,,,,,,,,,,,,,,,,,,,,,,,,,,,,,,,,,,,,,,,,,,,,,,,,,,,,,,,,,,,,,,,,,,,,,,,,,,,,,,,,,,,,,SL 450,,,,,,,,,,,,,,,,Unic,,,,,,,,,,,,,,,,,,,,,,,,,,,,,,,,,,,,,,,,,,,,,,,,,,,,,,,,,,,,,,,,,,,,
,,,,,,,,,,,,,,,,,,,,,,,,,,,,,,,,,,,,,,,,,,,,,,,,,,,,,,,,,,,,,,,,,,,,,,,,,,,,,,,,,,,,,,,,,,,,,,,,,,,,,,,,,,,,,,,,,,,,,,,,,,,,,,,SL 500,,,,,,,,,,,,,,,,Unimog,,,,,,,,,,,,,,,,,,,,,,,,,,,,,,,,,,,,,,,,,,,,,,,,,,,,,,,,,,,,,,,,,,,,
,,,,,,,,,,,,,,,,,,,,,,,,,,,,,,,,,,,,,,,,,,,,,,,,,,,,,,,,,,,,,,,,,,,,,,,,,,,,,,,,,,,,,,,,,,,,,,,,,,,,,,,,,,,,,,,,,,,,,,,,,,,,,,,SL 55 AMG,,,,,,,,,,,,,,,,Vanden Plas,,,,,,,,,,,,,,,,,,,,,,,,,,,,,,,,,,,,,,,,,,,,,,,,,,,,,,,,,,,,,,,,,,,,
,,,,,,,,,,,,,,,,,,,,,,,,,,,,,,,,,,,,,,,,,,,,,,,,,,,,,,,,,,,,,,,,,,,,,,,,,,,,,,,,,,,,,,,,,,,,,,,,,,,,,,,,,,,,,,,,,,,,,,,,,,,,,,,SL 560,,,,,,,,,,,,,,,,Veritas,,,,,,,,,,,,,,,,,,,,,,,,,,,,,,,,,,,,,,,,,,,,,,,,,,,,,,,,,,,,,,,,,,,,
,,,,,,,,,,,,,,,,,,,,,,,,,,,,,,,,,,,,,,,,,,,,,,,,,,,,,,,,,,,,,,,,,,,,,,,,,,,,,,,,,,,,,,,,,,,,,,,,,,,,,,,,,,,,,,,,,,,,,,,,,,,,,,,SL 60 AMG,,,,,,,,,,,,,,,,Vignale,,,,,,,,,,,,,,,,,,,,,,,,,,,,,,,,,,,,,,,,,,,,,,,,,,,,,,,,,,,,,,,,,,,,
,,,,,,,,,,,,,,,,,,,,,,,,,,,,,,,,,,,,,,,,,,,,,,,,,,,,,,,,,,,,,,,,,,,,,,,,,,,,,,,,,,,,,,,,,,,,,,,,,,,,,,,,,,,,,,,,,,,,,,,,,,,,,,,SL 600,,,,,,,,,,,,,,,,Vixen,,,,,,,,,,,,,,,,,,,,,,,,,,,,,,,,,,,,,,,,,,,,,,,,,,,,,,,,,,,,,,,,,,,,
,,,,,,,,,,,,,,,,,,,,,,,,,,,,,,,,,,,,,,,,,,,,,,,,,,,,,,,,,,,,,,,,,,,,,,,,,,,,,,,,,,,,,,,,,,,,,,,,,,,,,,,,,,,,,,,,,,,,,,,,,,,,,,,SL 63 AMG,,,,,,,,,,,,,,,,Voisin,,,,,,,,,,,,,,,,,,,,,,,,,,,,,,,,,,,,,,,,,,,,,,,,,,,,,,,,,,,,,,,,,,,,
,,,,,,,,,,,,,,,,,,,,,,,,,,,,,,,,,,,,,,,,,,,,,,,,,,,,,,,,,,,,,,,,,,,,,,,,,,,,,,,,,,,,,,,,,,,,,,,,,,,,,,,,,,,,,,,,,,,,,,,,,,,,,,,SL 65 AMG,,,,,,,,,,,,,,,,Volkswagen,,,,,,,,,,,,,,,,,,,,,,,,,,,,,,,,,,,,,,,,,,,,,,,,,,,,,,,,,,,,,,,,,,,,
,,,,,,,,,,,,,,,,,,,,,,,,,,,,,,,,,,,,,,,,,,,,,,,,,,,,,,,,,,,,,,,,,,,,,,,,,,,,,,,,,,,,,,,,,,,,,,,,,,,,,,,,,,,,,,,,,,,,,,,,,,,,,,,SL 70 AMG,,,,,,,,,,,,,,,,Volvo,,,,,,,,,,,,,,,,,,,,,,,,,,,,,,,,,,,,,,,,,,,,,,,,,,,,,,,,,,,,,,,,,,,,
,,,,,,,,,,,,,,,,,,,,,,,,,,,,,,,,,,,,,,,,,,,,,,,,,,,,,,,,,,,,,,,,,,,,,,,,,,,,,,,,,,,,,,,,,,,,,,,,,,,,,,,,,,,,,,,,,,,,,,,,,,,,,,,SL 73 AMG,,,,,,,,,,,,,,,,Wanderer,,,,,,,,,,,,,,,,,,,,,,,,,,,,,,,,,,,,,,,,,,,,,,,,,,,,,,,,,,,,,,,,,,,,
,,,,,,,,,,,,,,,,,,,,,,,,,,,,,,,,,,,,,,,,,,,,,,,,,,,,,,,,,,,,,,,,,,,,,,,,,,,,,,,,,,,,,,,,,,,,,,,,,,,,,,,,,,,,,,,,,,,,,,,,,,,,,,,SLC 180,,,,,,,,,,,,,,,,Wartburg,,,,,,,,,,,,,,,,,,,,,,,,,,,,,,,,,,,,,,,,,,,,,,,,,,,,,,,,,,,,,,,,,,,,
,,,,,,,,,,,,,,,,,,,,,,,,,,,,,,,,,,,,,,,,,,,,,,,,,,,,,,,,,,,,,,,,,,,,,,,,,,,,,,,,,,,,,,,,,,,,,,,,,,,,,,,,,,,,,,,,,,,,,,,,,,,,,,,SLC 200,,,,,,,,,,,,,,,,Westfalia,,,,,,,,,,,,,,,,,,,,,,,,,,,,,,,,,,,,,,,,,,,,,,,,,,,,,,,,,,,,,,,,,,,,
,,,,,,,,,,,,,,,,,,,,,,,,,,,,,,,,,,,,,,,,,,,,,,,,,,,,,,,,,,,,,,,,,,,,,,,,,,,,,,,,,,,,,,,,,,,,,,,,,,,,,,,,,,,,,,,,,,,,,,,,,,,,,,,SLC 250,,,,,,,,,,,,,,,,Westfield,,,,,,,,,,,,,,,,,,,,,,,,,,,,,,,,,,,,,,,,,,,,,,,,,,,,,,,,,,,,,,,,,,,,
,,,,,,,,,,,,,,,,,,,,,,,,,,,,,,,,,,,,,,,,,,,,,,,,,,,,,,,,,,,,,,,,,,,,,,,,,,,,,,,,,,,,,,,,,,,,,,,,,,,,,,,,,,,,,,,,,,,,,,,,,,,,,,,SLC 280,,,,,,,,,,,,,,,,Wetsch,,,,,,,,,,,,,,,,,,,,,,,,,,,,,,,,,,,,,,,,,,,,,,,,,,,,,,,,,,,,,,,,,,,,
,,,,,,,,,,,,,,,,,,,,,,,,,,,,,,,,,,,,,,,,,,,,,,,,,,,,,,,,,,,,,,,,,,,,,,,,,,,,,,,,,,,,,,,,,,,,,,,,,,,,,,,,,,,,,,,,,,,,,,,,,,,,,,,SLC 300,,,,,,,,,,,,,,,,Willys,,,,,,,,,,,,,,,,,,,,,,,,,,,,,,,,,,,,,,,,,,,,,,,,,,,,,,,,,,,,,,,,,,,,
,,,,,,,,,,,,,,,,,,,,,,,,,,,,,,,,,,,,,,,,,,,,,,,,,,,,,,,,,,,,,,,,,,,,,,,,,,,,,,,,,,,,,,,,,,,,,,,,,,,,,,,,,,,,,,,,,,,,,,,,,,,,,,,SLC 350,,,,,,,,,,,,,,,,Wolseley,,,,,,,,,,,,,,,,,,,,,,,,,,,,,,,,,,,,,,,,,,,,,,,,,,,,,,,,,,,,,,,,,,,,
,,,,,,,,,,,,,,,,,,,,,,,,,,,,,,,,,,,,,,,,,,,,,,,,,,,,,,,,,,,,,,,,,,,,,,,,,,,,,,,,,,,,,,,,,,,,,,,,,,,,,,,,,,,,,,,,,,,,,,,,,,,,,,,SLC 380,,,,,,,,,,,,,,,,Yugo,,,,,,,,,,,,,,,,,,,,,,,,,,,,,,,,,,,,,,,,,,,,,,,,,,,,,,,,,,,,,,,,,,,,
,,,,,,,,,,,,,,,,,,,,,,,,,,,,,,,,,,,,,,,,,,,,,,,,,,,,,,,,,,,,,,,,,,,,,,,,,,,,,,,,,,,,,,,,,,,,,,,,,,,,,,,,,,,,,,,,,,,,,,,,,,,,,,,SLC 43 AMG,,,,,,,,,,,,,,,,Zimmer,,,,,,,,,,,,,,,,,,,,,,,,,,,,,,,,,,,,,,,,,,,,,,,,,,,,,,,,,,,,,,,,,,,,
,,,,,,,,,,,,,,,,,,,,,,,,,,,,,,,,,,,,,,,,,,,,,,,,,,,,,,,,,,,,,,,,,,,,,,,,,,,,,,,,,,,,,,,,,,,,,,,,,,,,,,,,,,,,,,,,,,,,,,,,,,,,,,,SLC 450,,,,,,,,,,,,,,,,Zündapp,,,,,,,,,,,,,,,,,,,,,,,,,,,,,,,,,,,,,,,,,,,,,,,,,,,,,,,,,,,,,,,,,,,,
,,,,,,,,,,,,,,,,,,,,,,,,,,,,,,,,,,,,,,,,,,,,,,,,,,,,,,,,,,,,,,,,,,,,,,,,,,,,,,,,,,,,,,,,,,,,,,,,,,,,,,,,,,,,,,,,,,,,,,,,,,,,,,,SLC 500,,,,,,,,,,,,,,,,,,,,,,,,,,,,,,,,,,,,,,,,,,,,,,,,,,,,,,,,,,,,,,,,,,,,,,,,,,,,,,,,,,,,
,,,,,,,,,,,,,,,,,,,,,,,,,,,,,,,,,,,,,,,,,,,,,,,,,,,,,,,,,,,,,,,,,,,,,,,,,,,,,,,,,,,,,,,,,,,,,,,,,,,,,,,,,,,,,,,,,,,,,,,,,,,,,,,SLR,,,,,,,,,,,,,,,,,,,,,,,,,,,,,,,,,,,,,,,,,,,,,,,,,,,,,,,,,,,,,,,,,,,,,,,,,,,,,,,,,,,,
,,,,,,,,,,,,,,,,,,,,,,,,,,,,,,,,,,,,,,,,,,,,,,,,,,,,,,,,,,,,,,,,,,,,,,,,,,,,,,,,,,,,,,,,,,,,,,,,,,,,,,,,,,,,,,,,,,,,,,,,,,,,,,,SLS,,,,,,,,,,,,,,,,,,,,,,,,,,,,,,,,,,,,,,,,,,,,,,,,,,,,,,,,,,,,,,,,,,,,,,,,,,,,,,,,,,,,
,,,,,,,,,,,,,,,,,,,,,,,,,,,,,,,,,,,,,,,,,,,,,,,,,,,,,,,,,,,,,,,,,,,,,,,,,,,,,,,,,,,,,,,,,,,,,,,,,,,,,,,,,,,,,,,,,,,,,,,,,,,,,,,Sprinter,,,,,,,,,,,,,,,,,,,,,,,,,,,,,,,,,,,,,,,,,,,,,,,,,,,,,,,,,,,,,,,,,,,,,,,,,,,,,,,,,,,,
,,,,,,,,,,,,,,,,,,,,,,,,,,,,,,,,,,,,,,,,,,,,,,,,,,,,,,,,,,,,,,,,,,,,,,,,,,,,,,,,,,,,,,,,,,,,,,,,,,,,,,,,,,,,,,,,,,,,,,,,,,,,,,,SLK,,,,,,,,,,,,,,,,,,,,,,,,,,,,,,,,,,,,,,,,,,,,,,,,,,,,,,,,,,,,,,,,,,,,,,,,,,,,,,,,,,,,
,,,,,,,,,,,,,,,,,,,,,,,,,,,,,,,,,,,,,,,,,,,,,,,,,,,,,,,,,,,,,,,,,,,,,,,,,,,,,,,,,,,,,,,,,,,,,,,,,,,,,,,,,,,,,,,,,,,,,,,,,,,,,,,SLK 200,,,,,,,,,,,,,,,,,,,,,,,,,,,,,,,,,,,,,,,,,,,,,,,,,,,,,,,,,,,,,,,,,,,,,,,,,,,,,,,,,,,,
,,,,,,,,,,,,,,,,,,,,,,,,,,,,,,,,,,,,,,,,,,,,,,,,,,,,,,,,,,,,,,,,,,,,,,,,,,,,,,,,,,,,,,,,,,,,,,,,,,,,,,,,,,,,,,,,,,,,,,,,,,,,,,,SLK 230,,,,,,,,,,,,,,,,,,,,,,,,,,,,,,,,,,,,,,,,,,,,,,,,,,,,,,,,,,,,,,,,,,,,,,,,,,,,,,,,,,,,
,,,,,,,,,,,,,,,,,,,,,,,,,,,,,,,,,,,,,,,,,,,,,,,,,,,,,,,,,,,,,,,,,,,,,,,,,,,,,,,,,,,,,,,,,,,,,,,,,,,,,,,,,,,,,,,,,,,,,,,,,,,,,,,SLK 250,,,,,,,,,,,,,,,,,,,,,,,,,,,,,,,,,,,,,,,,,,,,,,,,,,,,,,,,,,,,,,,,,,,,,,,,,,,,,,,,,,,,
,,,,,,,,,,,,,,,,,,,,,,,,,,,,,,,,,,,,,,,,,,,,,,,,,,,,,,,,,,,,,,,,,,,,,,,,,,,,,,,,,,,,,,,,,,,,,,,,,,,,,,,,,,,,,,,,,,,,,,,,,,,,,,,SLK 280,,,,,,,,,,,,,,,,,,,,,,,,,,,,,,,,,,,,,,,,,,,,,,,,,,,,,,,,,,,,,,,,,,,,,,,,,,,,,,,,,,,,
,,,,,,,,,,,,,,,,,,,,,,,,,,,,,,,,,,,,,,,,,,,,,,,,,,,,,,,,,,,,,,,,,,,,,,,,,,,,,,,,,,,,,,,,,,,,,,,,,,,,,,,,,,,,,,,,,,,,,,,,,,,,,,,SLK 300,,,,,,,,,,,,,,,,,,,,,,,,,,,,,,,,,,,,,,,,,,,,,,,,,,,,,,,,,,,,,,,,,,,,,,,,,,,,,,,,,,,,
,,,,,,,,,,,,,,,,,,,,,,,,,,,,,,,,,,,,,,,,,,,,,,,,,,,,,,,,,,,,,,,,,,,,,,,,,,,,,,,,,,,,,,,,,,,,,,,,,,,,,,,,,,,,,,,,,,,,,,,,,,,,,,,SLK 32 AMG,,,,,,,,,,,,,,,,,,,,,,,,,,,,,,,,,,,,,,,,,,,,,,,,,,,,,,,,,,,,,,,,,,,,,,,,,,,,,,,,,,,,
,,,,,,,,,,,,,,,,,,,,,,,,,,,,,,,,,,,,,,,,,,,,,,,,,,,,,,,,,,,,,,,,,,,,,,,,,,,,,,,,,,,,,,,,,,,,,,,,,,,,,,,,,,,,,,,,,,,,,,,,,,,,,,,SLK 320 ,,,,,,,,,,,,,,,,,,,,,,,,,,,,,,,,,,,,,,,,,,,,,,,,,,,,,,,,,,,,,,,,,,,,,,,,,,,,,,,,,,,,
,,,,,,,,,,,,,,,,,,,,,,,,,,,,,,,,,,,,,,,,,,,,,,,,,,,,,,,,,,,,,,,,,,,,,,,,,,,,,,,,,,,,,,,,,,,,,,,,,,,,,,,,,,,,,,,,,,,,,,,,,,,,,,,SLK 350,,,,,,,,,,,,,,,,,,,,,,,,,,,,,,,,,,,,,,,,,,,,,,,,,,,,,,,,,,,,,,,,,,,,,,,,,,,,,,,,,,,,
,,,,,,,,,,,,,,,,,,,,,,,,,,,,,,,,,,,,,,,,,,,,,,,,,,,,,,,,,,,,,,,,,,,,,,,,,,,,,,,,,,,,,,,,,,,,,,,,,,,,,,,,,,,,,,,,,,,,,,,,,,,,,,,SLK 55 AMG,,,,,,,,,,,,,,,,,,,,,,,,,,,,,,,,,,,,,,,,,,,,,,,,,,,,,,,,,,,,,,,,,,,,,,,,,,,,,,,,,,,,
,,,,,,,,,,,,,,,,,,,,,,,,,,,,,,,,,,,,,,,,,,,,,,,,,,,,,,,,,,,,,,,,,,,,,,,,,,,,,,,,,,,,,,,,,,,,,,,,,,,,,,,,,,,,,,,,,,,,,,,,,,,,,,,T1,,,,,,,,,,,,,,,,,,,,,,,,,,,,,,,,,,,,,,,,,,,,,,,,,,,,,,,,,,,,,,,,,,,,,,,,,,,,,,,,,,,,
,,,,,,,,,,,,,,,,,,,,,,,,,,,,,,,,,,,,,,,,,,,,,,,,,,,,,,,,,,,,,,,,,,,,,,,,,,,,,,,,,,,,,,,,,,,,,,,,,,,,,,,,,,,,,,,,,,,,,,,,,,,,,,,T2,,,,,,,,,,,,,,,,,,,,,,,,,,,,,,,,,,,,,,,,,,,,,,,,,,,,,,,,,,,,,,,,,,,,,,,,,,,,,,,,,,,,
,,,,,,,,,,,,,,,,,,,,,,,,,,,,,,,,,,,,,,,,,,,,,,,,,,,,,,,,,,,,,,,,,,,,,,,,,,,,,,,,,,,,,,,,,,,,,,,,,,,,,,,,,,,,,,,,,,,,,,,,,,,,,,,V,,,,,,,,,,,,,,,,,,,,,,,,,,,,,,,,,,,,,,,,,,,,,,,,,,,,,,,,,,,,,,,,,,,,,,,,,,,,,,,,,,,,
,,,,,,,,,,,,,,,,,,,,,,,,,,,,,,,,,,,,,,,,,,,,,,,,,,,,,,,,,,,,,,,,,,,,,,,,,,,,,,,,,,,,,,,,,,,,,,,,,,,,,,,,,,,,,,,,,,,,,,,,,,,,,,,V 200,,,,,,,,,,,,,,,,,,,,,,,,,,,,,,,,,,,,,,,,,,,,,,,,,,,,,,,,,,,,,,,,,,,,,,,,,,,,,,,,,,,,
,,,,,,,,,,,,,,,,,,,,,,,,,,,,,,,,,,,,,,,,,,,,,,,,,,,,,,,,,,,,,,,,,,,,,,,,,,,,,,,,,,,,,,,,,,,,,,,,,,,,,,,,,,,,,,,,,,,,,,,,,,,,,,,V 220,,,,,,,,,,,,,,,,,,,,,,,,,,,,,,,,,,,,,,,,,,,,,,,,,,,,,,,,,,,,,,,,,,,,,,,,,,,,,,,,,,,,
,,,,,,,,,,,,,,,,,,,,,,,,,,,,,,,,,,,,,,,,,,,,,,,,,,,,,,,,,,,,,,,,,,,,,,,,,,,,,,,,,,,,,,,,,,,,,,,,,,,,,,,,,,,,,,,,,,,,,,,,,,,,,,,V 230,,,,,,,,,,,,,,,,,,,,,,,,,,,,,,,,,,,,,,,,,,,,,,,,,,,,,,,,,,,,,,,,,,,,,,,,,,,,,,,,,,,,
,,,,,,,,,,,,,,,,,,,,,,,,,,,,,,,,,,,,,,,,,,,,,,,,,,,,,,,,,,,,,,,,,,,,,,,,,,,,,,,,,,,,,,,,,,,,,,,,,,,,,,,,,,,,,,,,,,,,,,,,,,,,,,,V 250,,,,,,,,,,,,,,,,,,,,,,,,,,,,,,,,,,,,,,,,,,,,,,,,,,,,,,,,,,,,,,,,,,,,,,,,,,,,,,,,,,,,
,,,,,,,,,,,,,,,,,,,,,,,,,,,,,,,,,,,,,,,,,,,,,,,,,,,,,,,,,,,,,,,,,,,,,,,,,,,,,,,,,,,,,,,,,,,,,,,,,,,,,,,,,,,,,,,,,,,,,,,,,,,,,,,V 280,,,,,,,,,,,,,,,,,,,,,,,,,,,,,,,,,,,,,,,,,,,,,,,,,,,,,,,,,,,,,,,,,,,,,,,,,,,,,,,,,,,,
,,,,,,,,,,,,,,,,,,,,,,,,,,,,,,,,,,,,,,,,,,,,,,,,,,,,,,,,,,,,,,,,,,,,,,,,,,,,,,,,,,,,,,,,,,,,,,,,,,,,,,,,,,,,,,,,,,,,,,,,,,,,,,,V 300,,,,,,,,,,,,,,,,,,,,,,,,,,,,,,,,,,,,,,,,,,,,,,,,,,,,,,,,,,,,,,,,,,,,,,,,,,,,,,,,,,,,
,,,,,,,,,,,,,,,,,,,,,,,,,,,,,,,,,,,,,,,,,,,,,,,,,,,,,,,,,,,,,,,,,,,,,,,,,,,,,,,,,,,,,,,,,,,,,,,,,,,,,,,,,,,,,,,,,,,,,,,,,,,,,,,Vaneo,,,,,,,,,,,,,,,,,,,,,,,,,,,,,,,,,,,,,,,,,,,,,,,,,,,,,,,,,,,,,,,,,,,,,,,,,,,,,,,,,,,,
,,,,,,,,,,,,,,,,,,,,,,,,,,,,,,,,,,,,,,,,,,,,,,,,,,,,,,,,,,,,,,,,,,,,,,,,,,,,,,,,,,,,,,,,,,,,,,,,,,,,,,,,,,,,,,,,,,,,,,,,,,,,,,,Vario,,,,,,,,,,,,,,,,,,,,,,,,,,,,,,,,,,,,,,,,,,,,,,,,,,,,,,,,,,,,,,,,,,,,,,,,,,,,,,,,,,,,
,,,,,,,,,,,,,,,,,,,,,,,,,,,,,,,,,,,,,,,,,,,,,,,,,,,,,,,,,,,,,,,,,,,,,,,,,,,,,,,,,,,,,,,,,,,,,,,,,,,,,,,,,,,,,,,,,,,,,,,,,,,,,,,Viano,,,,,,,,,,,,,,,,,,,,,,,,,,,,,,,,,,,,,,,,,,,,,,,,,,,,,,,,,,,,,,,,,,,,,,,,,,,,,,,,,,,,
,,,,,,,,,,,,,,,,,,,,,,,,,,,,,,,,,,,,,,,,,,,,,,,,,,,,,,,,,,,,,,,,,,,,,,,,,,,,,,,,,,,,,,,,,,,,,,,,,,,,,,,,,,,,,,,,,,,,,,,,,,,,,,,Vito,,,,,,,,,,,,,,,,,,,,,,,,,,,,,,,,,,,,,,,,,,,,,,,,,,,,,,,,,,,,,,,,,,,,,,,,,,,,,,,,,,,,
,,,,,,,,,,,,,,,,,,,,,,,,,,,,,,,,,,,,,,,,,,,,,,,,,,,,,,,,,,,,,,,,,,,,,,,,,,,,,,,,,,,,,,,,,,,,,,,,,,,,,,,,,,,,,,,,,,,,,,,,,,,,,,,X 220,,,,,,,,,,,,,,,,,,,,,,,,,,,,,,,,,,,,,,,,,,,,,,,,,,,,,,,,,,,,,,,,,,,,,,,,,,,,,,,,,,,,
,,,,,,,,,,,,,,,,,,,,,,,,,,,,,,,,,,,,,,,,,,,,,,,,,,,,,,,,,,,,,,,,,,,,,,,,,,,,,,,,,,,,,,,,,,,,,,,,,,,,,,,,,,,,,,,,,,,,,,,,,,,,,,,X 250,,,,,,,,,,,,,,,,,,,,,,,,,,,,,,,,,,,,,,,,,,,,,,,,,,,,,,,,,,,,,,,,,,,,,,,,,,,,,,,,,,,,
,,,,,,,,,,,,,,,,,,,,,,,,,,,,,,,,,,,,,,,,,,,,,,,,,,,,,,,,,,,,,,,,,,,,,,,,,,,,,,,,,,,,,,,,,,,,,,,,,,,,,,,,,,,,,,,,,,,,,,,,,,,,,,,X 350,,,,,,,,,,,,,,,,,,,,,,,,,,,,,,,,,,,,,,,,,,,,,,,,,,,,,,,,,,,,,,,,,,,,,,,,,,,,,,,,,,,,
